NAME,PUNTO GPS
OLLA POPULAR MBOCAYATY,"https://www.google.com/maps/place/25%C2%B015'46.6%22S+57%C2%B035'57.3%22W/@-25.2629351,-57.6014487,17z/data=!3m1!4b1!4m5!3m4!1s0x0:0x0!8m2!3d-25.26294!4d-57.59926?hl=es"
OLLA POPULAR KUÑA MBARETE,"https://www.google.com/maps/place/25%C2%B015'47.8%22S+57%C2%B035'58.1%22W/@-25.2632751,-57.6016587,17z/data=!3m1!4b1!4m5!3m4!1s0x0:0x0!8m2!3d-25.26328!4d-57.59947?hl=es"
OLLA POPULAR SANDER,"https://www.google.com/maps/place/25%C2%B015'50.0%22S+57%C2%B036'01.9%22W/@-25.2638851,-57.6027287,17z/data=!3m1!4b1!4m5!3m4!1s0x0:0x0!8m2!3d-25.26389!4d-57.60054?hl=es"
OLLA POPULAR MITÃ RÓGA,"https://www.google.com/maps/place/25%C2%B015'42.4%22S+57%C2%B035'58.6%22W/@-25.2617751,-57.6017987,17z/data=!3m1!4b1!4m5!3m4!1s0x0:0x0!8m2!3d-25.26178!4d-57.59961?hl=es"
OLLA POPULAR LAGUNA PYTÃ,"https://www.google.com/maps/place/25%C2%B015'41.5%22S+57%C2%B035'54.9%22W/@-25.2615151,-57.6007587,17z/data=!3m1!4b1!4m5!3m4!1s0x0:0x0!8m2!3d-25.26152!4d-57.59857?hl=es"
OLLA POPULAR SAN FRANCISCO,"https://www.google.com/maps/place/25%C2%B015'56.4%22S+57%C2%B036'12.5%22W/@-25.2656651,-57.6056687,17z/data=!3m1!4b1!4m5!3m4!1s0x0:0x0!8m2!3d-25.26567!4d-57.60348?hl=es"
OLLA POPULAR SAN AGUSTIN,"https://www.google.com/maps/place/25%C2%B016'07.6%22S+57%C2%B036'23.7%22W/@-25.2687793,-57.6087642,17z/data=!3m1!4b1!4m5!3m4!1s0x0:0x0!8m2!3d-25.2687793!4d-57.6065755?hl=es"
OLLA POPULAR SAN MIGUEL GUERRERO I,"https://www.google.com/maps/place/25%C2%B015'53.3%22S+57%C2%B038'03.3%22W/@-25.2647938,-57.6364357,17z/data=!3m1!4b1!4m5!3m4!1s0x0:0x0!8m2!3d-25.2647938!4d-57.634247?hl=es"
OLLA POPULAR SAN MIGUEL GUERRERO II,"https://www.google.com/maps/place/25%C2%B015'42.1%22S+57%C2%B037'57.2%22W/@-25.2616891,-57.6347451,17z/data=!3m1!4b1!4m5!3m4!1s0x0:0x0!8m2!3d-25.2616891!4d-57.6325564?hl=es"
OLLA POPULAR SAN MIGUEL GUERRERO III,"https://www.google.com/maps/place/25%C2%B015'43.2%22S+57%C2%B038'01.1%22W/@-25.2620079,-57.6358151,17z/data=!3m1!4b1!4m5!3m4!1s0x0:0x0!8m2!3d-25.2620079!4d-57.6336264?hl=es"
OLLA POPULAR COMISION VECINAL CAACUPEMI,"https://www.google.com/maps/place/25%C2%B015'30.6%22S+57%C2%B036'39.2%22W/@-25.2584873,-57.6130742,17z/data=!3m1!4b1!4m5!3m4!1s0x0:0x0!8m2!3d-25.2584873!4d-57.6108855?hl=es"
OLLA POPULAR ESCUELA BÁSICA 6038 PRIV.SUBV.CAACUPEMI DE FE Y ALEGRIA. TAMBIEN ENTREGAN KIT DE ALIMENTOS,"https://www.google.com/maps/place/25%C2%B015'23.2%22S+57%C2%B036'45.3%22W/@-25.2566626,-57.6126649,18.25z/data=!4m5!3m4!1s0x0:0x0!8m2!3d-25.2564536!4d-57.6125798?hl=es"
OLLA POPULAR CAACUPEMI II,"https://www.google.com/maps/place/25%C2%B015'38.5%22S+57%C2%B036'33.6%22W/@-25.2611664,-57.6134264,16.25z/data=!4m5!3m4!1s0x0:0x0!8m2!3d-25.2607!4d-57.6093339?hl=es"
OLLA POPULAR ASOCIACION DE RECICLADORES,"https://www.google.com/maps/place/25%C2%B015'54.2%22S+57%C2%B036'25.4%22W/@-25.265041,-57.6092408,17z/data=!3m1!4b1!4m5!3m4!1s0x0:0x0!8m2!3d-25.265041!4d-57.6070521?hl=es"
OLLA POPULAR JESUS MISERICORDIOSO,"https://www.google.com/maps/place/25%C2%B015'56.7%22S+57%C2%B036'20.9%22W/@-25.265749,-57.6079903,17z/data=!3m1!4b1!4m5!3m4!1s0x0:0x0!8m2!3d-25.265749!4d-57.6058016?hl=es"
OLLA POPULAR JAGUATA OLLA,"https://www.google.com/maps/place/25%C2%B015'58.7%22S+57%C2%B036'22.7%22W/@-25.2663335,-57.6087696,16.75z/data=!4m5!3m4!1s0x0:0x0!8m2!3d-25.2662942!4d-57.6063099?hl=es"
OLLA POPULAR LA ESPERANZA,"https://www.google.com/maps/place/25%C2%B015'59.2%22S+57%C2%B036'18.0%22W/@-25.2662808,-57.6076744,16.75z/data=!4m5!3m4!1s0x0:0x0!8m2!3d-25.2664427!4d-57.6050066?hl=es"
OLLA POPULAR COMISION VECINAL SANTA CRUZ,"https://www.google.com/maps/place/25%C2%B016'01.9%22S+57%C2%B036'15.9%22W/@-25.2671816,-57.6066146,17z/data=!4m5!3m4!1s0x0:0x0!8m2!3d-25.2671816!4d-57.604428?hl=es"
OLLA POPULAR CAPILLA SANTA CRUZ,"https://www.google.com.py/maps/place/Capilla+Santa+Cruz/@-25.2677472,-57.6058272,17z/data=!4m5!3m4!1s0x945da7565b307f33:0xa3e4aaaf8899011b!8m2!3d-25.2677521!4d-57.6036385?hl=es"
OLLA POPULAR COMISION VECINAL SAN JUAN,"https://www.google.com/maps/search/Cancha+San+Juan/@-25.2667362,-57.6033285,18z?hl=es"
OLLA POPULAR COMISION VECINAL FE Y ALEGRIA,"https://www.google.com/maps/place/25%C2%B015'40.9%22S+57%C2%B035'37.2%22W/@-25.2613469,-57.5958638,17z/data=!3m1!4b1!4m5!3m4!1s0x0:0x0!8m2!3d-25.2613469!4d-57.5936751?hl=es"
OLLA POPULAR COMISION VECINAL SANTA LUCIA,"https://www.google.com/maps/place/25%C2%B015'26.8%22S+57%C2%B035'44.0%22W/@-25.25744,-57.5977551,17z/data=!3m1!4b1!4m5!3m4!1s0x0:0x0!8m2!3d-25.25744!4d-57.5955664?hl=es"
OLLA POPULAR COMISION VECINAL CADETE INSFRAN,"https://www.google.com/maps/place/25%C2%B015'27.6%22S+57%C2%B035'45.8%22W/@-25.2576771,-57.5982505,17z/data=!3m1!4b1!4m5!3m4!1s0x0:0x0!8m2!3d-25.2576771!4d-57.5960618?hl=es"
OLLA POPULAR COMISION VECINAL ESPIRITU SANTO,"https://www.google.com/maps/place/25%C2%B015'20.1%22S+57%C2%B035'51.5%22W/@-25.2555707,-57.5998298,17z/data=!3m1!4b1!4m5!3m4!1s0x0:0x0!8m2!3d-25.2555707!4d-57.5976411?hl=es"
ESCUELA N°6039 PRIV. SUB SANTA CRUZ - ENTREGAN KITS DE ALIMENTOS CADA 10 O 15 DIAS,"https://www.google.com/maps/place/Escuela+Basica+6039+Santa+Cruz+de+Fe+y+Alegr%C3%ADa/@-25.2684776,-57.6054564,17z/data=!3m1!4b1!4m5!3m4!1s0x945da7033cad92df:0x3070a9bc8c281819!8m2!3d-25.2684825!4d-57.6032677"
OLLA POPULAR COMISION VECINAL SAN VICENTE,"https://www.google.com/maps/place/25%C2%B015'15.2%22S+57%C2%B035'53.4%22W/@-25.2542265,-57.6003514,17z/data=!3m1!4b1!4m5!3m4!1s0x0:0x0!8m2!3d-25.2542265!4d-57.5981627?hl=es"
OLLA POPULAR COMISION VECINAL SAN MIGUEL I,"https://www.google.com/maps/place/25%C2%B015'26.7%22S+57%C2%B035'58.0%22W/@-25.2574096,-57.601639,17z/data=!3m1!4b1!4m5!3m4!1s0x0:0x0!8m2!3d-25.2574096!4d-57.5994503?hl=es"
OLLA POPULAR COMISION VECINAL LA ESPERANZA,"https://www.google.com/maps/place/25%C2%B015'21.3%22S+57%C2%B036'02.1%22W/@-25.2559141,-57.6027651,17z/data=!3m1!4b1!4m5!3m4!1s0x0:0x0!8m2!3d-25.2559141!4d-57.6005764?hl=es"
OLLA POPULAR COMISION VECINAL SAN RAFAEL,"https://www.google.com/maps/place/25%C2%B015'29.3%22S+57%C2%B035'55.2%22W/@-25.2581334,-57.6008441,17z/data=!3m1!4b1!4m5!3m4!1s0x0:0x0!8m2!3d-25.2581334!4d-57.5986554?hl=es"
OLLA POPULAR COMISION VECINAL SAN PEDRO II,"https://www.google.com/maps/place/25%C2%B014'59.3%22S+57%C2%B036'01.9%22W/@-25.2498033,-57.6027174,17z/data=!3m1!4b1!4m5!3m4!1s0x0:0x0!8m2!3d-25.2498033!4d-57.6005287?hl=es"
OLLA POPULAR COMISION VECINAL YVERA,"https://www.google.com/maps/place/25%C2%B015'07.3%22S+57%C2%B036'04.4%22W/@-25.2520329,-57.6033964,17z/data=!3m1!4b1!4m5!3m4!1s0x0:0x0!8m2!3d-25.2520329!4d-57.6012077?hl=es"
OLLA POPULAR COMISION VECINAL LAS MERCEDES,"https://www.google.com/maps/place/25%C2%B015'25.7%22S+57%C2%B035'51.3%22W/@-25.2571502,-57.5997782,17z/data=!3m1!4b1!4m5!3m4!1s0x0:0x0!8m2!3d-25.2571502!4d-57.5975895?hl=es"
OLLA POPULAR COMISION VECINAL SAN MIGUEL II,"https://www.google.com/maps/place/25%C2%B015'27.0%22S+57%C2%B035'55.6%22W/@-25.2575112,-57.6009746,17z/data=!3m1!4b1!4m5!3m4!1s0x0:0x0!8m2!3d-25.2575112!4d-57.5987859?hl=es"
OLLA POPULAR IGLESIA SAGRADA FAMILIA,"https://www.google.com/maps/search/Iglesia+Sagrada+Familia/@-25.2622175,-57.5949177,17z?hl=es"
OLLA POPULAR ÑA VIRINA,"https://www.google.com/maps/place/25%C2%B014'06.7%22S+57%C2%B033'18.4%22W/@-25.2351865,-57.5573029,17z/data=!3m1!4b1!4m5!3m4!1s0x0:0x0!8m2!3d-25.2351865!4d-57.5551142?hl=es"
OLLA POPULAR COMISION VECINAL LA UNION,"https://www.google.com/maps/place/25%C2%B013'44.6%22S+57%C2%B033'32.0%22W/@-25.231396,-57.5648698,15.5z/data=!4m5!3m4!1s0x0:0x0!8m2!3d-25.2290625!4d-57.5588754?hl=es"
OLLA POPULAR CAPILLA INMACULADA,"https://www.google.com/maps/place/25%C2%B013'51.7%22S+57%C2%B033'28.9%22W/@-25.2310216,-57.5602044,17z/data=!3m1!4b1!4m5!3m4!1s0x0:0x0!8m2!3d-25.2310216!4d-57.5580157?hl=es"
OLLA POPULAR PECECITO,"https://www.google.com/maps/place/25%C2%B013'48.7%22S+57%C2%B034'34.2%22W/@-25.2301855,-57.5783569,17z/data=!3m1!4b1!4m5!3m4!1s0x0:0x0!8m2!3d-25.2301855!4d-57.5761682?hl=es"
OLLA POPULAR RC4 - INDIGENA,"https://www.google.com/maps/place/25%C2%B014'16.5%22S+57%C2%B033'04.3%22W/@-25.2379281,-57.5533825,17z/data=!3m1!4b1!4m5!3m4!1s0x0:0x0!8m2!3d-25.2379281!4d-57.5511938?hl=es"
OLLA POPULAR CAPILLA SAN PEDRO,"https://www.google.com/maps/place/25%C2%B014'18.6%22S+57%C2%B033'15.0%22W/@-25.2384946,-57.5563664,17z/data=!3m1!4b1!4m5!3m4!1s0x0:0x0!8m2!3d-25.2384946!4d-57.5541777?hl=es"
OLLA POPULAR  COMISION VECINAL SAN FRANCISCO,"https://www.google.com/maps/place/Estadio+Gregorio+Sarubbi+Ortiz/@-25.2322222,-57.5752778,17z/data=!4m5!3m4!1s0x945da6f2acb983b1:0x3dfa33dce0960639!8m2!3d-25.2325432!4d-57.5759805?hl=es"
OLLA POPULAR LAS DOÑAS,"https://www.google.com/maps/place/Comedor+Las+Do%C3%B1as/@-25.2301918,-57.5766256,17z/data=!4m5!3m4!1s0x945da721ae4c5e63:0xff77dbd68d942dc2!8m2!3d-25.2301048!4d-57.5766819?hl=es"
OLLA POPULAR CAPILLA MEDALLA MILAGROSA,"https://www.google.com/maps/place/25%C2%B013'55.5%22S+57%C2%B033'47.0%22W/@-25.23207,-57.5652454,17z/data=!3m1!4b1!4m5!3m4!1s0x0:0x0!8m2!3d-25.23207!4d-57.5630567?hl=es"
OLLA POPULAR CAPILLA SAN FRANCISCO,"https://www.google.com/maps/place/25%C2%B013'56.0%22S+57%C2%B034'23.9%22W/@-25.2322238,-57.5754969,17z/data=!3m1!4b1!4m5!3m4!1s0x0:0x0!8m2!3d-25.2322238!4d-57.5733082?hl=es"
OLLA POPULAR CV VY'A RENDA,"https://www.google.com/maps/place/25%C2%B015'16.3%22S+57%C2%B035'43.6%22W/@-25.2545383,-57.5976354,17z/data=!3m1!4b1!4m5!3m4!1s0x0:0x0!8m2!3d-25.2545383!4d-57.5954467?hl=es"
OLLA POPULAR SAN MIGUEL,"https://www.google.com/maps/place/25%C2%B015'15.6%22S+57%C2%B035'43.0%22W/@-25.2541587,-57.5951736,18.25z/data=!4m5!3m4!1s0x0:0x0!8m2!3d-25.2543283!4d-57.59527?hl=es"
OLLA POPULAR LA DELICIA,"https://www.google.com/maps/place/25%C2%B015'12.1%22S+57%C2%B035'39.8%22W/@-25.2529138,-57.5967463,17.92z/data=!4m5!3m4!1s0x0:0x0!8m2!3d-25.2533465!4d-57.594381?hl=es"
OLLA POPULAR  CHIQUITUNGA,"https://www.google.com/maps/place/25%C2%B015'16.2%22S+57%C2%B035'37.2%22W/@-25.2545041,-57.5958567,17z/data=!3m1!4b1!4m5!3m4!1s0x0:0x0!8m2!3d-25.2545041!4d-57.593668?hl=es"
OLLA POPULAR SAN BLAS,"https://www.google.com/maps/place/25%C2%B014'28.6%22S+57%C2%B034'55.6%22W/@-25.2412831,-57.5842991,17z/data=!3m1!4b1!4m5!3m4!1s0x0:0x0!8m2!3d-25.2412831!4d-57.5821104?hl=es"
OLLA POPULAR SAN ISIDRO,"https://www.google.com/maps/place/25%C2%B014'24.7%22S+57%C2%B035'00.5%22W/@-25.240192,-57.58566,17z/data=!3m1!4b1!4m5!3m4!1s0x0:0x0!8m2!3d-25.240192!4d-57.5834713?hl=es"
OLLA POPULAR COMISION VECINAL SAGRADA FAMILIA,"https://www.google.com/maps/place/25%C2%B014'28.7%22S+57%C2%B035'06.1%22W/@-25.2413053,-57.5872213,17z/data=!3m1!4b1!4m5!3m4!1s0x0:0x0!8m2!3d-25.2413053!4d-57.5850326?hl=es"
OLLA POPULAR COMISION VECINAL SAN ANTONIO,"https://www.google.com/maps/place/25%C2%B015'06.4%22S+57%C2%B035'46.7%22W/@-25.2518512,-57.5969577,18.75z/data=!4m5!3m4!1s0x0:0x0!8m2!3d-25.2517694!4d-57.5962993?hl=es"
OLLA POPULAR HETEREI,"https://www.google.com/maps/place/25%C2%B015'06.0%22S+57%C2%B035'45.3%22W/@-25.2516527,-57.5980908,17z/data=!3m1!4b1!4m5!3m4!1s0x0:0x0!8m2!3d-25.2516527!4d-57.5959021?hl=es"
OLLA POPULAR COCINA POPULAR,"https://www.google.com/maps/place/25%C2%B015'18.5%22S+57%C2%B035'46.9%22W/@-25.2551389,-57.5985465,17z/data=!3m1!4b1!4m5!3m4!1s0x0:0x0!8m2!3d-25.2551389!4d-57.5963578?hl=es"
OLLA POPULAR KUÑA MBARETE (1),"https://www.google.com/maps/place/25%C2%B015'15.8%22S+57%C2%B035'42.0%22W/@-25.2543766,-57.5971981,17z/data=!3m1!4b1!4m5!3m4!1s0x0:0x0!8m2!3d-25.2543766!4d-57.5950094?hl=es"
OLLA POPULAR KUÑA MBARETE (2),"https://www.google.com/maps/place/25%C2%B015'19.3%22S+57%C2%B035'39.0%22W/@-25.2553719,-57.5963598,17z/data=!3m1!4b1!4m5!3m4!1s0x0:0x0!8m2!3d-25.2553719!4d-57.5941711?hl=es"
OLLA POPULAR VIRGEN DE FATIMA (1),"https://www.google.com/maps/place/25%C2%B015'20.9%22S+57%C2%B035'32.4%22W/@-25.2558017,-57.594517,17z/data=!3m1!4b1!4m5!3m4!1s0x0:0x0!8m2!3d-25.2558017!4d-57.5923283?hl=es"
OLLA POPULAR VIRGEN DE FATIMA II,"https://www.google.com/maps/place/25%C2%B015'18.4%22S+57%C2%B035'27.3%22W/@-25.2551047,-57.5931135,17z/data=!3m1!4b1!4m5!3m4!1s0x0:0x0!8m2!3d-25.2551047!4d-57.5909248?hl=es"
OLLA POPULAR CM MARIA AUXILIADORA,"https://www.google.com/maps/place/25%C2%B014'59.0%22S+57%C2%B034'56.7%22W/@-25.2497219,-57.5845986,17z/data=!3m1!4b1!4m5!3m4!1s0x0:0x0!8m2!3d-25.2497219!4d-57.5824099?hl=es"
OLLA POPULAR SANTA LUCIA ,"https://www.google.com/maps/place/25%C2%B014'28.1%22S+57%C2%B035'06.0%22W/@-25.2414816,-57.5892792,16.25z/data=!4m5!3m4!1s0x0:0x0!8m2!3d-25.2411475!4d-57.5849985?hl=es"
OLLA POPULAR SAN LORENZO,"https://www.google.com/maps/place/25%C2%B014'31.4%22S+57%C2%B034'49.2%22W/@-25.2420664,-57.5825132,17z/data=!3m1!4b1!4m5!3m4!1s0x0:0x0!8m2!3d-25.2420664!4d-57.5803245?hl=es"
ESCUELA MUNICIPAL MARANGATU RAPE-ENTREGAN KITS DE ALIMENTOS CADA 12 O 15 DIAS,"https://www.google.com/maps/place/Escuela+Municipal+Marangatu+Rape/@-25.2399065,-57.5810002,17z/data=!4m5!3m4!1s0x945da6f418fe4023:0x2dfd3ff6556b10ad!8m2!3d-25.2398234!4d-57.5810747?hl=es"
OLLA POPULAR SAN MIGUEL,"https://www.google.com/maps/place/25%C2%B014'40.7%22S+57%C2%B034'56.8%22W/@-25.2446256,-57.5846366,17z/data=!3m1!4b1!4m5!3m4!1s0x0:0x0!8m2!3d-25.2446256!4d-57.5824479?hl=es"
OLLA POPULAR GUARDERIA CENINFA,"https://www.google.com/maps/place/25%C2%B014'43.8%22S+57%C2%B035'03.3%22W/@-25.2455007,-57.5864393,17z/data=!3m1!4b1!4m5!3m4!1s0x0:0x0!8m2!3d-25.2455007!4d-57.5842506?hl=es"
OLLA POPULAR SAN ANTONIO (1),"https://www.google.com/maps/place/25%C2%B014'47.0%22S+57%C2%B035'04.9%22W/@-25.2463999,-57.5868902,17z/data=!3m1!4b1!4m5!3m4!1s0x0:0x0!8m2!3d-25.2463999!4d-57.5847015?hl=es"
OLLA POPULAR SAN ANTONIO (2),"https://www.google.com/maps/place/25%C2%B014'41.5%22S+57%C2%B035'06.4%22W/@-25.2448555,-57.5872929,17z/data=!3m1!4b1!4m5!3m4!1s0x0:0x0!8m2!3d-25.2448555!4d-57.5851042?hl=es"
OLLA POPULAR VIÑAS CUE RIO,"https://www.google.com/maps/place/25%C2%B014'26.7%22S+57%C2%B034'54.4%22W/@-25.2407528,-57.583953,17z/data=!3m1!4b1!4m5!3m4!1s0x0:0x0!8m2!3d-25.2407528!4d-57.5817643?hl=es"
OLLA POPULAR CENTRO COMUNITARIO SAN ROQUE,"https://www.google.com/maps/place/25%C2%B014'52.9%22S+57%C2%B035'21.0%22W/@-25.2480199,-57.5913409,17z/data=!3m1!4b1!4m5!3m4!1s0x0:0x0!8m2!3d-25.2480199!4d-57.5891522?hl=es"
OLLA POPULAR VIÑAS CUE ,"https://www.google.com/maps/place/25%C2%B014'26.9%22S+57%C2%B034'53.9%22W/@-25.2408025,-57.5838221,17z/data=!3m1!4b1!4m5!3m4!1s0x0:0x0!8m2!3d-25.2408025!4d-57.5816334?hl=es"
ESCUELA  SAN VICENTE DE PAUL-ENTREGAN KITS DE ALIMENTOS CADA 12 O 15 DIAS,"https://www.google.com/maps/place/25%C2%B015'42.0%22S+57%C2%B035'38.8%22W/@-25.2616549,-57.5963089,17z/data=!3m1!4b1!4m5!3m4!1s0x0:0x0!8m2!3d-25.2616549!4d-57.5941202?hl=es"
ESCUELA SANTA  CATALINA DE LABOURE- ENTREGAN KITS DE ALIMENTOS CADA 12 O 15 DIAS,"https://www.google.com/maps/search/Santa+Catalina+Labure/@-25.260006,-57.5962868,17z?hl=es"
ESCUELA SAGRADA FAMILIA-ENTREGAN KITS DE ALIMENTOS CADA 15 DIAS,"https://www.google.com/maps/place/25%C2%B015'46.5%22S+57%C2%B035'45.5%22W/@-25.2629147,-57.598156,17z/data=!3m1!4b1!4m5!3m4!1s0x0:0x0!8m2!3d-25.2629147!4d-57.5959673?hl=es"
FUNDACIÓN CONIN (COOPERADORA PARA LA NUTRICION INFANTIL) - ASISTE A NIÑOS  0 a 5 AÑOS Y EMBARAZADAS CON DESNUTRICION,"https://www.google.com/maps/place/Fundacion+Conin+Paraguay/@-25.2601231,-57.5976597,17z/data=!4m5!3m4!1s0x945da64d3949b33d:0xea1c619fa3ebedce!8m2!3d-25.2600752!4d-57.5975516?hl=es"
ESCUELA BASICA N°7269 PRIV. SUBV. PADRE JOSE MARIA VELAZ DE FE Y ALEGRIA - ENTREGAN KITS DE ALIMENTOS CADA 12 O 15 DIAS,"https://www.google.com/maps/place/ESCUELA+BASICA+N%C2%B07269+PADRE+JOSE+MARIA+VELAZ+DE+FE+Y+ALEGRIA/@-25.2504237,-57.583081,17z/data=!3m1!4b1!4m5!3m4!1s0x945da7f342b21d35:0x39f8d071282f7920!8m2!3d-25.2504286!4d-57.5808923?hl=es"
OLLA POPULAR COMISION VECINAL 30 DE AGOSTO,"https://www.google.com/maps/place/25%C2%B015'03.5%22S+57%C2%B035'14.8%22W/@-25.2515385,-57.5925912,15.75z/data=!4m5!3m4!1s0x0:0x0!8m2!3d-25.2509617!4d-57.58744?hl=es"
OLLA POPULAR SANTA ROSA,"https://www.google.com/maps/place/25%C2%B015'04.6%22S+57%C2%B035'15.7%22W/@-25.2511792,-57.5912936,16.5z/data=!4m5!3m4!1s0x0:0x0!8m2!3d-25.2512697!4d-57.5876962?hl=es"
OLLA POPULAR SAN CAYETANO,"https://www.google.com/maps/place/25%C2%B015'00.0%22S+57%C2%B035'19.8%22W/@-25.2503737,-57.5890065,18.5z/data=!4m5!3m4!1s0x0:0x0!8m2!3d-25.2500112!4d-57.5888334?hl=es"
OLLA POPULAR DE LA GENTE PARA LA GENTE,"https://www.google.com/maps/place/25%C2%B014'56.3%22S+57%C2%B035'21.5%22W/@-25.2496931,-57.5953432,15.75z/data=!4m5!3m4!1s0x0:0x0!8m2!3d-25.2489802!4d-57.5893162?hl=es"
OLLA POPULAR COMISION VECINAL SAN JORGE,"https://www.google.com/maps/place/25%C2%B015'06.7%22S+57%C2%B035'25.3%22W/@-25.2516844,-57.5945756,16.25z/data=!4m5!3m4!1s0x0:0x0!8m2!3d-25.2518597!4d-57.5903607?hl=es"
OLLA POPULAR NUEVA ESPERANZA I-NORMA DUARTE,"https://www.google.com/maps/place/25%C2%B015'05.4%22S+57%C2%B035'27.1%22W/@-25.2514867,-57.5930537,17z/data=!3m1!4b1!4m5!3m4!1s0x0:0x0!8m2!3d-25.2514867!4d-57.590865?hl=es"
OLLA POPULAR NUEVA ESPERANZA II- DEISY DUARTE,"https://www.google.com/maps/place/25%C2%B015'03.7%22S+57%C2%B035'28.8%22W/@-25.2510349,-57.5935273,17z/data=!3m1!4b1!4m5!3m4!1s0x0:0x0!8m2!3d-25.2510349!4d-57.5913386?hl=es"
OLLA POPULAR CANCHITA LA BOMBONERA,"https://www.google.com/maps/place/25%C2%B015'01.8%22S+57%C2%B035'22.6%22W/@-25.2505066,-57.5917913,17z/data=!3m1!4b1!4m5!3m4!1s0x0:0x0!8m2!3d-25.2505066!4d-57.5896026?hl=es"
OLLA POPULAR ZONA VIP,"https://www.google.com/maps/place/25%C2%B015'11.4%22S+57%C2%B035'23.4%22W/@-25.2531616,-57.5920099,17z/data=!3m1!4b1!4m5!3m4!1s0x0:0x0!8m2!3d-25.2531616!4d-57.5898212?hl=es"
OLLA POPULAR VIÑAS ,"https://www.google.com/maps/place/25%C2%B014'25.0%22S+57%C2%B035'01.5%22W/@-25.2384471,-57.5882032,3372m/data=!3m1!1e3!4m5!3m4!1s0x0:0x0!8m2!3d-25.2402656!4d-57.5837552?hl=es"
OLLA POPULAR TEODORA VALENZUELA,"https://www.google.com/maps/place/25%C2%B014'43.2%22S+57%C2%B035'16.9%22W/@-25.2453211,-57.5902114,709m/data=!3m2!1e3!4b1!4m5!3m4!1s0x0:0x0!8m2!3d-25.2453211!4d-57.5880227?hl=es"
OLLA POPULAR SAN ROQUE ,"https://www.google.com/maps/place/25%C2%B014'52.9%22S+57%C2%B035'17.6%22W/@-25.2480331,-57.5904022,17z/data=!3m1!4b1!4m5!3m4!1s0x0:0x0!8m2!3d-25.2480331!4d-57.5882135?hl=es"
ESCUELA BÁSICA N° 322 PROR. SILVIA MIRANDA DE CUETO- ENTREGAN KITS DE ALIMENTOS CADA 12 o15 DIAS,"https://www.google.com/maps/place/Escuela+Silvia+Miranda+de+Cueto/@-25.2543109,-57.5873314,17z/data=!4m5!3m4!1s0x945da65064d85bd7:0x17d12e07e7576fdd!8m2!3d-25.2540213!4d-57.5880146?hl=es"
OLLA POPULAR ALMUERZO SOLIDARIO-REF. PABLO PEREIRA,"https://www.google.com/maps/place/Ca%C3%B1adon,+Asunci%C3%B3n/@-25.2529858,-57.588656,17z/data=!4m5!3m4!1s0x945da65070ff267f:0x414b9889ca23e2d3!8m2!3d-25.2534318!4d-57.5882997?hl=es"
PUNTO DE ACCESO PELOPINCHO,"https://www.google.com/maps/place/Fundacion+Fernando+Oca+del+Valle+-+Banco+de+Ojos/@-25.2837059,-57.6246113,17z/data=!4m8!1m2!2m1!1sManuel+Gondra+casi,+Asunci%C3%B3n,+Paraguay!3m4!1s0x945da7e83161eb07:0x155d7029caf0d95c!8m2!3d-25.2833124!4d-57.6221967?hl=es"
Colegio Nacional de EMD JUAN RAMÓN DAHLQUIST,"https://www.google.com.py/maps/place/Colegio+Nacional+de+EMD+JUAN+RAM%C3%93N+DAHLQUIST/@-25.2834335,-57.6236053,15.5z/data=!4m8!1m2!2m1!1sJUAN+RAMON+DAHLQUIST,+Asunci%C3%B3n!3m4!1s0x945da7e91e749313:0x59f8a6a2becc002d!8m2!3d-25.2833797!4d-57.6238744?hl=es"
OLLA POPULAR REFUGIO RC4,"https://www.google.com/maps/place/25%C2%B014'25.3%22S+57%C2%B033'09.7%22W/@-25.2403647,-57.5548919,17z/data=!3m1!4b1!4m5!3m4!1s0x0:0x0!8m2!3d-25.2403647!4d-57.5527032?hl=es"
ESCUELA SANTA ROSA DE LIMA -ENTREGAN KITS DE ALIMENTOS CADA 12 O 15 DIAS,"https://www.google.com/maps/place/Gral+Francisco+Roa,+Asunci%C3%B3n/@-25.2570921,-57.5838888,2835m/data=!3m1!1e3!4m5!3m4!1s0x945da65b3e1f7d81:0xd6e6cc0efd45e8ba!8m2!3d-25.2537001!4d-57.5834988?hl=es"
ESCUELA BASICA 1909  FRAY BARTOLOME DE LAS CASAS -ENTREGAN KITS DE ALIMENTOS CADA 12 O 15 DIAS,"https://www.google.com/maps/place/Escuela+Fray+Bartolom%C3%A9+De+Las+Casas/@-25.2394487,-57.5859734,15.75z/data=!4m5!3m4!1s0x945da6f776170feb:0x1ceb5a2ae170064b!8m2!3d-25.2433425!4d-57.5815186?hl=es"
ESCUELA LA AMISTAD-ENTREGAN KITS DE ALIMENTOS UNA VEZ POR SEMANA,"https://www.google.com/maps/place/25%C2%B014'35.6%22S+57%C2%B034'52.4%22W/@-25.2434202,-57.5870043,15.75z/data=!4m5!3m4!1s0x0:0x0!8m2!3d-25.2432227!4d-57.5812202?hl=es"
ESCUELA JOSE MARIA BOGARIN LA SALLE- ENTREGAN KITS DE ALIMENTOS CADA 12 O 15 DIAS,"https://www.google.com/maps/place/25%C2%B015'13.4%22S+57%C2%B035'32.7%22W/@-25.2537676,-57.5928573,19.75z/data=!4m5!3m4!1s0x0:0x0!8m2!3d-25.2537118!4d-57.5924094?hl=es"
OLLA POPULAR SOLIDARIA,"https://www.google.com/maps/place/25%C2%B016'34.8%22S+57%C2%B038'44.7%22W/@-25.2762432,-57.647052,17.25z/data=!4m5!3m4!1s0x0:0x0!8m2!3d-25.2763213!4d-57.6457499?hl=es"
OLLA POPULAR 3 DE FEBRERO,"https://www.google.com/maps/place/25%C2%B016'43.7%22S+57%C2%B038'02.7%22W/@-25.2788155,-57.6362646,17z/data=!3m1!4b1!4m5!3m4!1s0x0:0x0!8m2!3d-25.2788155!4d-57.6340759?hl=es"
OLLA POPULAR KARU GUASU,"https://www.google.com/maps/place/25%C2%B015'45.8%22S+57%C2%B035'56.9%22W/@-25.2627636,-57.5996538,19z/data=!4m5!3m4!1s0x0:0x0!8m2!3d-25.262724!4d-57.599146"
OLLA POPULAR,"https://www.google.com/maps/place/Manuel+Gondra,+Asunci%C3%B3n/@-25.283318,-57.6275287,18.75z/data=!4m5!3m4!1s0x945da7e9dc7b412b:0xca6bd4ecb392c2f8!8m2!3d-25.2838301!4d-57.6272185"
N/A,Ubicación
N/A,Ubicación
N/A,Ubicación
N/A,Ubicación
N/A,Ubicación
N/A,https://goo.gl/maps/eaQRSf9aXBSBJBxP6
N/A,Ubicación
N/A,Ubicación
N/A,Ubicación
N/A,Ubicación
N/A,Ubicación
N/A,Ubicación
N/A,Ubicación
N/A,Ubicación
N/A,Ubicación
N/A,Ubicación
N/A,Ubicación
N/A,Ubicación
N/A,Ubicación
N/A,Ubicación
N/A,https://goo.gl/maps/xteuBAUWkXn5NJEq6
N/A,"https://www.google.com/maps/place/25%C2%B023'33.1%22S+57%C2%B026'20.0%22W/@-25.392526,-57.4410867,17z/data=!3m1!4b1!4m6!3m5!1s0!7e2!8m2!3d-25.3925256!4d-57.4388979"
N/A,https://goo.gl/maps/5U6wwT4ojrbHMkwm8
N/A,"https://www.google.com.py/maps/dir/-25.426762,-57.4745604/-25.431732,-57.4750031/@-25.4323431,-57.5449415,12z"
N/A,https://goo.gl/maps/iSuDmWi26L81HYm49
N/A,"https://www.google.com/maps/place/25°21'53.8%22S+57°24'42.8%22W/@-25.3649483,-57.4140768,17z/data=!3m1!4b1!4m5!3m4!1s0x0:0x0!8m2!3d-25.3649483!4d-57.4118881?hl=fr"
N/A,Ubicación El Salvador Capiata
N/A,"https://www.google.com.py/maps/dir//-25.43067,-57.4683435/@-25.4306091,-57.5389933,12z/data=!3m1!4b1"
N/A,Ubicación Nva Esperanza Capiata
N/A,"https://www.google.com.py/maps/place/25%C2%B019'58.0%22S+57%C2%B025'53.2%22W/@-25.332783,-57.431435,960m/data=!3m2!1e3!4b1!4m2!3m1!1s0x0:0x0?hl=es"
N/A,Ubicación Primero de Mayo Lambare
N/A,https://goo.gl/maps/WZyCEDaovj5WLCMu5
N/A,https://goo.gl/maps/zmUEspKX32wGUVGf9
N/A,"https://www.google.com/maps/place/25%C2%B009'25.0%22S+57%C2%B026'43.3%22W/@-25.1569356,-57.4475508,17z/data=!3m1!4b1!4m2!3m1!1s0x0:0x0?hl=es"
N/A,"Jeroviaha, Colonia Juan de Salazar"
N/A,"https://www.google.com/maps?q=-25.15812110900879,-57.49283981323242&z=17&hl=fr"
N/A,"https://www.google.com.py/maps/dir//-25.1642275,-57.4943517/@-25.1633434,-57.5645107,12z"
N/A,https://goo.gl/maps/xAVmuguAz8yDd26YA
N/A,"https://www.google.com.py/maps/dir//-25.1676305,-57.4541755/@-25.1681652,-57.4563754,18z"
N/A,"https://www.google.com/maps?q=-25.17056655883789,-57.460975646972656&z=17&hl=fr"
N/A,"https://www.google.com.py/maps/dir//-25.1248892,-57.4686866/@-25.1245762,-57.5388117,12z"
N/A,"https://www.google.com/maps/place/25%C2%B010'13.0%22S+57%C2%B027'33.7%22W/@-25.1702627,-57.4615545,17z/data=!3m1!4b1!4m5!3m4!1s0x0:0x0!8m2!3d-25.1702627!4d-57.4593658?hl=es"
N/A,"https://www.google.com/maps/place/25%C2%B010'18.9%22S+57%C2%B027'30.2%22W/@-25.171914,-57.4605742,17z/data=!3m1!4b1!4m5!3m4!1s0x0:0x0!8m2!3d-25.1719189!4d-57.4583855"
N/A,https://goo.gl/maps/w1Wa8Zh4MY7Z57d46
N/A,"https://www.google.com/maps/place/25%C2%B007'35.9%22S+57%C2%B027'30.4%22W/@-25.126646,-57.4606199,17z/data=!3m1!4b1!4m5!3m4!1s0x0:0x0!8m2!3d-25.126646!4d-57.4584312?hl=es"
N/A,"https://www.google.com/maps/place/25%C2%B007'35.9%22S+57%C2%B027'30.4%22W/@-25.126646,-57.4606199,17z/data=!3m1!4b1!4m5!3m4!1s0x0:0x0!8m2!3d-25.126646!4d-57.4584312?hl=es"
N/A,"https://www.google.com/maps/place/25%C2%B008'34.9%22S+57%C2%B030'11.4%22W/@-25.1430141,-57.5053467,17z/data=!3m1!4b1!4m5!3m4!1s0x0:0x0!8m2!3d-25.143019!4d-57.503158?hl=es-PY"
N/A,"https://www.google.com.py/maps/dir//-25.1648535,-57.4208654/@-25.1651234,-57.4911999,12z"
N/A,https://goo.gl/maps/yUxGJsfsQxcFenNh9
N/A,https://goo.gl/maps/Gitvyd3DVSPGHJ7i6
N/A,https://goo.gl/maps/wvhC3GsBwvEaHdcH8
N/A,Ubicación
N/A,"https://www.google.com/maps?q=-25.162292,-57.494917&hl=es-PY&gl=py&shorturl=1"
N/A,"https://www.google.com/maps/place/25%C2%B012'08.7%22S+57%C2%B028'49.4%22W/@-25.202413,-57.4825877,17z/data=!3m1!4b1!4m5!3m4!1s0x0:0x0!8m2!3d-25.202413!4d-57.480399"
N/A,"https://www.google.com/maps?q=-25.1761023,-57.4571234&z=17&hl=es"
N/A,"https://www.google.com/maps/place/25°10'42.3%22S+57°27'29.2%22W/@-25.178421,-57.4602881,17z/data=!3m1!4b1!4m5!3m4!1s0x0:0x0!8m2!3d-25.178421!4d-57.4580994?hl=fr"
N/A,"https://www.google.com/maps/place/25°10'37.0%22S+57°27'27.2%22W/@-25.1769371,-57.4597464,17z/data=!3m1!4b1!4m5!3m4!1s0x0:0x0!8m2!3d-25.1769371!4d-57.4575577?hl=fr"
N/A,"https://www.google.com/maps/place/25%C2%B006'52.3%22S+57%C2%B028'39.6%22W/@-25.1143528,-57.4775839,401m/data=!3m1!1e3!4m5!3m4!1s0x0:0x0!8m2!3d-25.1145383!4d-57.4776528?hl=es"
N/A,https://goo.gl/maps/NwaB9g5mNAZiKFHA7
N/A,"https://www.google.com/maps/place/25%C2%B007'35.6%22S+57%C2%B027'34.4%22W/@-25.1270617,-57.4603182,284m/data=!3m1!1e3!4m5!3m4!1s0x0:0x0!8m2!3d-25.1265417!4d-57.4595517?hl=es"
N/A,https://goo.gl/maps/afW9wJ2KGkahb8fb7
N/A,"https://www.google.com/maps/place/25%C2%B009'25.8%22S+57%C2%B027'08.2%22W/@-25.1567879,-57.4540738,17.75z/data=!4m5!3m4!1s0x0:0x0!8m2!3d-25.157156!4d-57.4522896?hl=es"
N/A,"https://www.google.com/maps/place/25%C2%B009'25.8%22S+57%C2%B027'08.2%22W/@-25.1567879,-57.4540738,17.75z/data=!4m5!3m4!1s0x0:0x0!8m2!3d-25.157156!4d-57.4522896?hl=es"
N/A,https://maps.app.goo.gl/F6DUHx5ooW2vkRWV8
N/A,https://goo.gl/maps/gXaiPnw9udRnRddLA
N/A,Ubicación
N/A,Ubicación
N/A,https://goo.gl/maps/D1XjDnDEbfmpaBtv6
N/A,https://goo.gl/maps/xXDXsXhVhnqeMTfE6
N/A,https://goo.gl/maps/bkNRBNQxYwpaxVRH7
N/A,https://goo.gl/maps/Pst7s1DNSpSmDVzn9
N/A,https://goo.gl/maps/ZrLAxqhcmXg1m1nz9
N/A,Ubicación
N/A,https://goo.gl/maps/3QZxVNi4dFiuHKXK8
N/A,https://goo.gl/maps/s5YimKdtCefDuEsc7
N/A,Ubicación
N/A,Ubicación
N/A,Ubicación
N/A,Ubicación
N/A,Ubicación
N/A,Ubicación
N/A,Ubicación
N/A,https://goo.gl/maps/W5tHVAVx9cwrC5Gs5
N/A,Ubicación
N/A,Ubicación
N/A,Ubicación
N/A,https://goo.gl/maps/BAHt5tgUCQYjXSKw9
N/A,Ubicación
N/A,Ubicación
N/A,Ubicación
N/A,Ubicación
N/A,Ubicación
N/A,Ubicación
N/A,https://goo.gl/maps/u57Cu5bZhpxhfJsS8
N/A,Ubicación
N/A,Ubicación
N/A,Ubicación
N/A,https://goo.gl/maps/DNqk7gggJK8Qmsvq9
N/A,https://goo.gl/maps/2oaWesYYpnTa1CJH8
N/A,https://goo.gl/maps/RJ35nJvjeZqSCnep9
N/A,https://goo.gl/maps/j6tNGN1N1nN5V4cN9
N/A,https://goo.gl/maps/SMrvYPwyFGsQcAE96
N/A,"https://www.google.com.py/maps/place/25%C2%B010'55.6%22S+57%C2%B032'10.5%22W/@-25.1821018,-57.5367992,19z/data=!3m1!4b1!4m13!1m6!3m5!1s0x945da3f04c8267ed:0x8867a47653d25b43!2sPescader%C3%ADa+Puente+Remanso!8m2!3d-25.1827333!4d-57.5392796!3m5!1s0x0:0x0!7e2!8m2!3d-25.1821034!4d-57.5362518?hl=es&authuser=0"
N/A,https://goo.gl/maps/AByTmHtyAyzzUBuv9
N/A,https://goo.gl/maps/fMfnPcNJDrxGotfe9
