Post ID,Survey,Post Status,Created (UTC),Updated (UTC),Post Date (UTC),Contact ID,Contact,Data Source ID,Source,Unstructured Description,T铆tulo de la iniciativa,Descripci贸n detallada,Ubicaci贸n aproximada (si aplica).lat,Ubicaci贸n aproximada (si aplica).lon,Direcci贸n o referencias,驴Es un ofrecimiento individual o de grupo?,Tareas realizadas y pendientes sobre este posteo,,Sector,Foto / Volante,Video (opcional),(Oferente) Nombre de la organizaci贸n o persona referente,(Oferente) Email,(Oferente) Tel茅fono,"(Oferente) Web, Twitter, Grupo Whatsapp, Telegram, y otras redes",(Oferente) Informaci贸n adicional de la organizaci贸n o 谩reas en las que requiere apoyo,Fuente,Link a la fuente,Conexiones o colaboraciones,Acuerdo de consentimiento,Inicio de vigencia de la iniciativa,Fin de vigencia de la iniciativa,ODS Relacionados
,,,,,,,,,,,,,,,,,,,,,,,,,,,,,,,,,
,,,,,,,,,,,RED TECHO  OLLA POPULAR San Valentin,Puntos de higiene:1 - Alcance: 160 personas. La RED de Apoyo a Asentamientos es una propuesta de colaboracin y articulacin entre las organizaciones.,-25.310306,-57.41,AREGUA - Caacupemi - San Valentin,Somos una organizaci贸n o colectivo,,Salud Higiene Autogestin comunitaria Grupo de apoyo / Voluntarios,Sociedad Civil,,,Red de apoyo a asentamientos Olga Caballerro Melissa Cartasso,,595981 256 677   595981 256 677,,,,,,Estoy de acuerdo en que sea p煤blica la informaci贸n proporcionada en el presente formulario,,,
,,,,,,,,,,,RED TECHO  OLLA POPULAR San Valentin,Puntos de higiene:1 - Alcance: 184 personas. La RED de Apoyo a Asentamientos es una propuesta de colaboracin y articulacin entre las organizaciones.,-25.312417,-57.411444,AREGUA - Caacupemi - San Valentin,Somos una organizaci贸n o colectivo,,Salud Higiene Autogestin comunitaria Grupo de apoyo / Voluntarios,Sociedad Civil,,,Red de apoyo a asentamientos Olga Caballerro Melissa Cartasso,,595981 256 677   595981 256 678,,,,,,Estoy de acuerdo en que sea p煤blica la informaci贸n proporcionada en el presente formulario,,,
,,,,,,,,,,,RED TECHO  OLLA POPULAR San Valentin,Puntos de higiene:1 - Alcance: 200 personas. La RED de Apoyo a Asentamientos es una propuesta de colaboracin y articulacin entre las organizaciones.,-25.312639,-57.413139,AREGUA - Caacupemi - San Valentin,Somos una organizaci贸n o colectivo,,Salud Higiene Autogestin comunitaria Grupo de apoyo / Voluntarios,Sociedad Civil,,,Red de apoyo a asentamientos Olga Caballerro Melissa Cartasso,,595981 256 677   595981 256 679,,,,,,Estoy de acuerdo en que sea p煤blica la informaci贸n proporcionada en el presente formulario,,,
,,,,,,,,,,,RED TECHO  OLLA POPULAR San Valentin,Puntos de higiene:1 - Alcance: 216 personas. La RED de Apoyo a Asentamientos es una propuesta de colaboracin y articulacin entre las organizaciones.,-25.309333,-57.40925,AREGUA - Caacupemi - San Valentin,Somos una organizaci贸n o colectivo,,Salud Higiene Autogestin comunitaria Grupo de apoyo / Voluntarios,Sociedad Civil,,,Red de apoyo a asentamientos Olga Caballerro Melissa Cartasso,,595981 256 677   595981 256 680,,,,,,Estoy de acuerdo en que sea p煤blica la informaci贸n proporcionada en el presente formulario,,,
,,,,,,,,,,,RED TECHO  OLLA POPULAR San Valentin,Puntos de higiene:2 - Alcance: 1200 personas. La RED de Apoyo a Asentamientos es una propuesta de colaboracin y articulacin entre las organizaciones.,-25.291426,-57.414547,AREGUA - Caacupemi - San Valentin,Somos una organizaci贸n o colectivo,,Salud Higiene Autogestin comunitaria Grupo de apoyo / Voluntarios,Sociedad Civil,,,Red de apoyo a asentamientos Olga Caballerro Melissa Cartasso,,595981 256 677   595981 256 681,,,,,,Estoy de acuerdo en que sea p煤blica la informaci贸n proporcionada en el presente formulario,,,
,,,,,,,,,,,RED TECHO  OLLA POPULAR San Valentin,Puntos de higiene:2 - Alcance: 252 personas. La RED de Apoyo a Asentamientos es una propuesta de colaboracin y articulacin entre las organizaciones.,-25.283722,-57.414528,AREGUA - Caacupemi - San Valentin,Somos una organizaci贸n o colectivo,,Salud Higiene Autogestin comunitaria Grupo de apoyo / Voluntarios,Sociedad Civil,,,Red de apoyo a asentamientos Olga Caballerro Melissa Cartasso,,595981 256 677   595981 256 682,,,,,,Estoy de acuerdo en que sea p煤blica la informaci贸n proporcionada en el presente formulario,,,
,,,,,,,,,,,RED TECHO  OLLA POPULAR San Valentin,Puntos de higiene:1 - Alcance: 120 personas. La RED de Apoyo a Asentamientos es una propuesta de colaboracin y articulacin entre las organizaciones.,-25.31932,-57.41371,AREGUA - Caacupemi - San Valentin,Somos una organizaci贸n o colectivo,,Salud Higiene Autogestin comunitaria Grupo de apoyo / Voluntarios,Sociedad Civil,,,Red de apoyo a asentamientos Olga Caballerro Melissa Cartasso,,595981 256 677   595981 256 683,,,,,,Estoy de acuerdo en que sea p煤blica la informaci贸n proporcionada en el presente formulario,,,
,,,,,,,,,,,RED TECHO  OLLA POPULAR San Valentin,Puntos de higiene:1 - Alcance: 120 personas. La RED de Apoyo a Asentamientos es una propuesta de colaboracin y articulacin entre las organizaciones.,-25.321049,-57.41691,AREGUA - Caacupemi - San Valentin,Somos una organizaci贸n o colectivo,,Salud Higiene Autogestin comunitaria Grupo de apoyo / Voluntarios,Sociedad Civil,,,Red de apoyo a asentamientos Olga Caballerro Melissa Cartasso,,595981 256 677   595981 256 684,,,,,,Estoy de acuerdo en que sea p煤blica la informaci贸n proporcionada en el presente formulario,,,
,,,,,,,,,,,RED TECHO  OLLA POPULAR San Valentin,Puntos de higiene:1 - Alcance: 168 personas. La RED de Apoyo a Asentamientos es una propuesta de colaboracin y articulacin entre las organizaciones.,-25.324058,-57.423995,AREGUA - Caacupemi - San Valentin,Somos una organizaci贸n o colectivo,,Salud Higiene Autogestin comunitaria Grupo de apoyo / Voluntarios,Sociedad Civil,,,Red de apoyo a asentamientos Olga Caballerro Melissa Cartasso,,595981 256 677   595981 256 685,,,,,,Estoy de acuerdo en que sea p煤blica la informaci贸n proporcionada en el presente formulario,,,
,,,,,,,,,,,RED TECHO  OLLA POPULAR San Valentin,Puntos de higiene:1 - Alcance: 200 personas. La RED de Apoyo a Asentamientos es una propuesta de colaboracin y articulacin entre las organizaciones.,-25.31932,-57.41371,AREGUA - Caacupemi - San Valentin,Somos una organizaci贸n o colectivo,,Salud Higiene Autogestin comunitaria Grupo de apoyo / Voluntarios,Sociedad Civil,,,Red de apoyo a asentamientos Olga Caballerro Melissa Cartasso,,595981 256 677   595981 256 686,,,,,,Estoy de acuerdo en que sea p煤blica la informaci贸n proporcionada en el presente formulario,,,
,,,,,,,,,,,RED TECHO  OLLA POPULAR San Valentin,Puntos de higiene:2 - Alcance: 260 personas. La RED de Apoyo a Asentamientos es una propuesta de colaboracin y articulacin entre las organizaciones.,-25.315167,-57.415861,AREGUA - Caacupemi - San Valentin,Somos una organizaci贸n o colectivo,,Salud Higiene Autogestin comunitaria Grupo de apoyo / Voluntarios,Sociedad Civil,,,Red de apoyo a asentamientos Olga Caballerro Melissa Cartasso,,595981 256 677   595981 256 687,,,,,,Estoy de acuerdo en que sea p煤blica la informaci贸n proporcionada en el presente formulario,,,
,,,,,,,,,,,RED TECHO  OLLA POPULAR San Valentin,Puntos de higiene:1 - Alcance: 280 personas. La RED de Apoyo a Asentamientos es una propuesta de colaboracin y articulacin entre las organizaciones.,-25.31775,-57.42,AREGUA - Caacupemi - San Valentin,Somos una organizaci贸n o colectivo,,Salud Higiene Autogestin comunitaria Grupo de apoyo / Voluntarios,Sociedad Civil,,,Red de apoyo a asentamientos Olga Caballerro Melissa Cartasso,,595981 256 677   595981 256 688,,,,,,Estoy de acuerdo en que sea p煤blica la informaci贸n proporcionada en el presente formulario,,,
,,,,,,,,,,,RED TECHO  OLLA POPULAR San Valentin,Puntos de higiene:1 - Alcance: 280 personas. La RED de Apoyo a Asentamientos es una propuesta de colaboracin y articulacin entre las organizaciones.,-25.315028,-57.415333,AREGUA - Caacupemi - San Valentin,Somos una organizaci贸n o colectivo,,Salud Higiene Autogestin comunitaria Grupo de apoyo / Voluntarios,Sociedad Civil,,,Red de apoyo a asentamientos Olga Caballerro Melissa Cartasso,,595981 256 677   595981 256 689,,,,,,Estoy de acuerdo en que sea p煤blica la informaci贸n proporcionada en el presente formulario,,,
,,,,,,,,,,,RED TECHO  OLLA POPULAR San Valentin,Puntos de higiene:1 - Alcance: 280 personas. La RED de Apoyo a Asentamientos es una propuesta de colaboracin y articulacin entre las organizaciones.,-25.315389,-57.415,AREGUA - Caacupemi - San Valentin,Somos una organizaci贸n o colectivo,,Salud Higiene Autogestin comunitaria Grupo de apoyo / Voluntarios,Sociedad Civil,,,Red de apoyo a asentamientos Olga Caballerro Melissa Cartasso,,595981 256 677   595981 256 690,,,,,,Estoy de acuerdo en que sea p煤blica la informaci贸n proporcionada en el presente formulario,,,
,,,,,,,,,,,RED TECHO  OLLA POPULAR San Valentin,Puntos de higiene:3 - Alcance: 416 personas. La RED de Apoyo a Asentamientos es una propuesta de colaboracin y articulacin entre las organizaciones.,-25.320638,-57.416799,AREGUA - Caacupemi - San Valentin,Somos una organizaci贸n o colectivo,,Salud Higiene Autogestin comunitaria Grupo de apoyo / Voluntarios,Sociedad Civil,,,Red de apoyo a asentamientos Olga Caballerro Melissa Cartasso,,595981 256 677   595981 256 691,,,,,,Estoy de acuerdo en que sea p煤blica la informaci贸n proporcionada en el presente formulario,,,
,,,,,,,,,,,RED TECHO  OLLA POPULAR San Valentin,Puntos de higiene:3 - Alcance: 700 personas. La RED de Apoyo a Asentamientos es una propuesta de colaboracin y articulacin entre las organizaciones.,-25.320583,-57.413917,AREGUA - Caacupemi - San Valentin,Somos una organizaci贸n o colectivo,,Salud Higiene Autogestin comunitaria Grupo de apoyo / Voluntarios,Sociedad Civil,,,Red de apoyo a asentamientos Olga Caballerro Melissa Cartasso,,595981 256 677   595981 256 692,,,,,,Estoy de acuerdo en que sea p煤blica la informaci贸n proporcionada en el presente formulario,,,
,,,,,,,,,,,RED TECHO  OLLA POPULAR San Valentin,Puntos de higiene:1 - Alcance: 240 personas. La RED de Apoyo a Asentamientos es una propuesta de colaboracin y articulacin entre las organizaciones.,-25.312667,-57.414111,AREGUA - Caacupemi - San Valentin,Somos una organizaci贸n o colectivo,,Salud Higiene Autogestin comunitaria Grupo de apoyo / Voluntarios,Sociedad Civil,,,Red de apoyo a asentamientos Olga Caballerro Melissa Cartasso,,595981 256 677   595981 256 693,,,,,,Estoy de acuerdo en que sea p煤blica la informaci贸n proporcionada en el presente formulario,,,
,,,,,,,,,,,RED TECHO  OLLA POPULAR San Valentin,Puntos de higiene:1 - Alcance: 284 personas. La RED de Apoyo a Asentamientos es una propuesta de colaboracin y articulacin entre las organizaciones.,-25.292556,-57.404,AREGUA - Caacupemi - San Valentin,Somos una organizaci贸n o colectivo,,Salud Higiene Autogestin comunitaria Grupo de apoyo / Voluntarios,Sociedad Civil,,,Red de apoyo a asentamientos Olga Caballerro Melissa Cartasso,,595981 256 677   595981 256 694,,,,,,Estoy de acuerdo en que sea p煤blica la informaci贸n proporcionada en el presente formulario,,,
,,,,,,,,,,,RED TECHO  OLLA POPULAR San Valentin,Puntos de higiene:2 - Alcance: 296 personas. La RED de Apoyo a Asentamientos es una propuesta de colaboracin y articulacin entre las organizaciones.,-25.28975,-57.398056,AREGUA - Caacupemi - San Valentin,Somos una organizaci贸n o colectivo,,Salud Higiene Autogestin comunitaria Grupo de apoyo / Voluntarios,Sociedad Civil,,,Red de apoyo a asentamientos Olga Caballerro Melissa Cartasso,,595981 256 677   595981 256 695,,,,,,Estoy de acuerdo en que sea p煤blica la informaci贸n proporcionada en el presente formulario,,,
,,,,,,,,,,,RED TECHO  OLLA POPULAR San Valentin,Puntos de higiene:1 - Alcance: 268 personas. La RED de Apoyo a Asentamientos es una propuesta de colaboracin y articulacin entre las organizaciones.,-25.296306,-57.409806,AREGUA - Caacupemi - San Valentin,Somos una organizaci贸n o colectivo,,Salud Higiene Autogestin comunitaria Grupo de apoyo / Voluntarios,Sociedad Civil,,,Red de apoyo a asentamientos Olga Caballerro Melissa Cartasso,,595981 256 677   595981 256 696,,,,,,Estoy de acuerdo en que sea p煤blica la informaci贸n proporcionada en el presente formulario,,,
,,,,,,,,,,,RED TECHO  OLLA POPULAR San Valentin,Puntos de higiene:1 - Alcance: 148 personas. La RED de Apoyo a Asentamientos es una propuesta de colaboracin y articulacin entre las organizaciones.,-25.40675,-57.494222,AREGUA - Caacupemi - San Valentin,Somos una organizaci贸n o colectivo,,Salud Higiene Autogestin comunitaria Grupo de apoyo / Voluntarios,Sociedad Civil,,,Red de apoyo a asentamientos Olga Caballerro Melissa Cartasso,,595981 256 677   595981 256 697,,,,,,Estoy de acuerdo en que sea p煤blica la informaci贸n proporcionada en el presente formulario,,,
,,,,,,,,,,,RED TECHO  OLLA POPULAR San Valentin,Puntos de higiene:1 - Alcance: 156 personas. La RED de Apoyo a Asentamientos es una propuesta de colaboracin y articulacin entre las organizaciones.,-25.392526,-57.4410867,AREGUA - Caacupemi - San Valentin,Somos una organizaci贸n o colectivo,,Salud Higiene Autogestin comunitaria Grupo de apoyo / Voluntarios,Sociedad Civil,,,Red de apoyo a asentamientos Olga Caballerro Melissa Cartasso,,595981 256 677   595981 256 698,,,,,,Estoy de acuerdo en que sea p煤blica la informaci贸n proporcionada en el presente formulario,,,
,,,,,,,,,,,RED TECHO  OLLA POPULAR San Valentin,Puntos de higiene:1 - Alcance: 200 personas. La RED de Apoyo a Asentamientos es una propuesta de colaboracin y articulacin entre las organizaciones.,-25.409111,-57.413402,AREGUA - Caacupemi - San Valentin,Somos una organizaci贸n o colectivo,,Salud Higiene Autogestin comunitaria Grupo de apoyo / Voluntarios,Sociedad Civil,,,Red de apoyo a asentamientos Olga Caballerro Melissa Cartasso,,595981 256 677   595981 256 699,,,,,,Estoy de acuerdo en que sea p煤blica la informaci贸n proporcionada en el presente formulario,,,
,,,,,,,,,,,RED TECHO  OLLA POPULAR San Valentin,Puntos de higiene:1 - Alcance: 204 personas. La RED de Apoyo a Asentamientos es una propuesta de colaboracin y articulacin entre las organizaciones.,-25.4323431,-57.5449415,AREGUA - Caacupemi - San Valentin,Somos una organizaci贸n o colectivo,,Salud Higiene Autogestin comunitaria Grupo de apoyo / Voluntarios,Sociedad Civil,,,Red de apoyo a asentamientos Olga Caballerro Melissa Cartasso,,595981 256 677   595981 256 700,,,,,,Estoy de acuerdo en que sea p煤blica la informaci贸n proporcionada en el presente formulario,,,
,,,,,,,,,,,RED TECHO  OLLA POPULAR San Valentin,Puntos de higiene:1 - Alcance: 284 personas. La RED de Apoyo a Asentamientos es una propuesta de colaboracin y articulacin entre las organizaciones.,-25.365575,-57.406333,AREGUA - Caacupemi - San Valentin,Somos una organizaci贸n o colectivo,,Salud Higiene Autogestin comunitaria Grupo de apoyo / Voluntarios,Sociedad Civil,,,Red de apoyo a asentamientos Olga Caballerro Melissa Cartasso,,595981 256 677   595981 256 701,,,,,,Estoy de acuerdo en que sea p煤blica la informaci贸n proporcionada en el presente formulario,,,
,,,,,,,,,,,RED TECHO  OLLA POPULAR San Valentin,Puntos de higiene:2 - Alcance: 320 personas. La RED de Apoyo a Asentamientos es una propuesta de colaboracin y articulacin entre las organizaciones.,-25.3649483,-57.4140768,AREGUA - Caacupemi - San Valentin,Somos una organizaci贸n o colectivo,,Salud Higiene Autogestin comunitaria Grupo de apoyo / Voluntarios,Sociedad Civil,,,Red de apoyo a asentamientos Olga Caballerro Melissa Cartasso,,595981 256 677   595981 256 702,,,,,,Estoy de acuerdo en que sea p煤blica la informaci贸n proporcionada en el presente formulario,,,
,,,,,,,,,,,RED TECHO  OLLA POPULAR San Valentin,Puntos de higiene:3 - Alcance: 504 personas. La RED de Apoyo a Asentamientos es una propuesta de colaboracin y articulacin entre las organizaciones.,-25.431421,-57.472179,AREGUA - Caacupemi - San Valentin,Somos una organizaci贸n o colectivo,,Salud Higiene Autogestin comunitaria Grupo de apoyo / Voluntarios,Sociedad Civil,,,Red de apoyo a asentamientos Olga Caballerro Melissa Cartasso,,595981 256 677   595981 256 703,,,,,,Estoy de acuerdo en que sea p煤blica la informaci贸n proporcionada en el presente formulario,,,
,,,,,,,,,,,RED TECHO  OLLA POPULAR San Valentin,Puntos de higiene:3 - Alcance: 880 personas. La RED de Apoyo a Asentamientos es una propuesta de colaboracin y articulacin entre las organizaciones.,-25.430673,-57.468348,AREGUA - Caacupemi - San Valentin,Somos una organizaci贸n o colectivo,,Salud Higiene Autogestin comunitaria Grupo de apoyo / Voluntarios,Sociedad Civil,,,Red de apoyo a asentamientos Olga Caballerro Melissa Cartasso,,595981 256 677   595981 256 704,,,,,,Estoy de acuerdo en que sea p煤blica la informaci贸n proporcionada en el presente formulario,,,
,,,,,,,,,,,RED TECHO  OLLA POPULAR San Valentin,Puntos de higiene:4 - Alcance: 1148 personas. La RED de Apoyo a Asentamientos es una propuesta de colaboracin y articulacin entre las organizaciones.,-25.435889,-57.471611,AREGUA - Caacupemi - San Valentin,Somos una organizaci贸n o colectivo,,Salud Higiene Autogestin comunitaria Grupo de apoyo / Voluntarios,Sociedad Civil,,,Red de apoyo a asentamientos Olga Caballerro Melissa Cartasso,,595981 256 677   595981 256 705,,,,,,Estoy de acuerdo en que sea p煤blica la informaci贸n proporcionada en el presente formulario,,,
,,,,,,,,,,,RED TECHO  OLLA POPULAR San Valentin,Puntos de higiene:4 - Alcance: 1192 personas. La RED de Apoyo a Asentamientos es una propuesta de colaboracin y articulacin entre las organizaciones.,-25.332768,-57.431454,AREGUA - Caacupemi - San Valentin,Somos una organizaci贸n o colectivo,,Salud Higiene Autogestin comunitaria Grupo de apoyo / Voluntarios,Sociedad Civil,,,Red de apoyo a asentamientos Olga Caballerro Melissa Cartasso,,595981 256 677   595981 256 706,,,,,,Estoy de acuerdo en que sea p煤blica la informaci贸n proporcionada en el presente formulario,,,
,,,,,,,,,,,RED TECHO  OLLA POPULAR San Valentin,Puntos de higiene:1 - Alcance: 80 personas. La RED de Apoyo a Asentamientos es una propuesta de colaboracin y articulacin entre las organizaciones.,-25.327976,-57.622929,AREGUA - Caacupemi - San Valentin,Somos una organizaci贸n o colectivo,,Salud Higiene Autogestin comunitaria Grupo de apoyo / Voluntarios,Sociedad Civil,,,Red de apoyo a asentamientos Olga Caballerro Melissa Cartasso,,595981 256 677   595981 256 707,,,,,,Estoy de acuerdo en que sea p煤blica la informaci贸n proporcionada en el presente formulario,,,
,,,,,,,,,,,RED TECHO  OLLA POPULAR San Valentin,Puntos de higiene:3 - Alcance: 648 personas. La RED de Apoyo a Asentamientos es una propuesta de colaboracin y articulacin entre las organizaciones.,-25.366272,-57.604193,AREGUA - Caacupemi - San Valentin,Somos una organizaci贸n o colectivo,,Salud Higiene Autogestin comunitaria Grupo de apoyo / Voluntarios,Sociedad Civil,,,Red de apoyo a asentamientos Olga Caballerro Melissa Cartasso,,595981 256 677   595981 256 708,,,,,,Estoy de acuerdo en que sea p煤blica la informaci贸n proporcionada en el presente formulario,,,
,,,,,,,,,,,RED TECHO  OLLA POPULAR San Valentin,Puntos de higiene:1 - Alcance: 496 personas. La RED de Apoyo a Asentamientos es una propuesta de colaboracin y articulacin entre las organizaciones.,-25.36072,-57.606027,AREGUA - Caacupemi - San Valentin,Somos una organizaci贸n o colectivo,,Salud Higiene Autogestin comunitaria Grupo de apoyo / Voluntarios,Sociedad Civil,,,Red de apoyo a asentamientos Olga Caballerro Melissa Cartasso,,595981 256 677   595981 256 709,,,,,,Estoy de acuerdo en que sea p煤blica la informaci贸n proporcionada en el presente formulario,,,
,,,,,,,,,,,RED TECHO  OLLA POPULAR San Valentin,Puntos de higiene:2 - Alcance: 380 personas. La RED de Apoyo a Asentamientos es una propuesta de colaboracin y articulacin entre las organizaciones.,-25.156896,-57.445375,AREGUA - Caacupemi - San Valentin,Somos una organizaci贸n o colectivo,,Salud Higiene Autogestin comunitaria Grupo de apoyo / Voluntarios,Sociedad Civil,,,Red de apoyo a asentamientos Olga Caballerro Melissa Cartasso,,595981 256 677   595981 256 710,,,,,,Estoy de acuerdo en que sea p煤blica la informaci贸n proporcionada en el presente formulario,,,
,,,,,,,,,,,RED TECHO  OLLA POPULAR San Valentin,Puntos de higiene:1 - Alcance: 120 personas. La RED de Apoyo a Asentamientos es una propuesta de colaboracin y articulacin entre las organizaciones.,-25.215851,-57.462936,AREGUA - Caacupemi - San Valentin,Somos una organizaci贸n o colectivo,,Salud Higiene Autogestin comunitaria Grupo de apoyo / Voluntarios,Sociedad Civil,,,Red de apoyo a asentamientos Olga Caballerro Melissa Cartasso,,595981 256 677   595981 256 711,,,,,,Estoy de acuerdo en que sea p煤blica la informaci贸n proporcionada en el presente formulario,,,
,,,,,,,,,,,RED TECHO  OLLA POPULAR San Valentin,Puntos de higiene:1 - Alcance: 280 personas. La RED de Apoyo a Asentamientos es una propuesta de colaboracin y articulacin entre las organizaciones.,-25.158121,-57.49284,AREGUA - Caacupemi - San Valentin,Somos una organizaci贸n o colectivo,,Salud Higiene Autogestin comunitaria Grupo de apoyo / Voluntarios,Sociedad Civil,,,Red de apoyo a asentamientos Olga Caballerro Melissa Cartasso,,595981 256 677   595981 256 712,,,,,,Estoy de acuerdo en que sea p煤blica la informaci贸n proporcionada en el presente formulario,,,
,,,,,,,,,,,RED TECHO  OLLA POPULAR San Valentin,Puntos de higiene:1 - Alcance: 236 personas. La RED de Apoyo a Asentamientos es una propuesta de colaboracin y articulacin entre las organizaciones.,-25.160199,-57.495267,AREGUA - Caacupemi - San Valentin,Somos una organizaci贸n o colectivo,,Salud Higiene Autogestin comunitaria Grupo de apoyo / Voluntarios,Sociedad Civil,,,Red de apoyo a asentamientos Olga Caballerro Melissa Cartasso,,595981 256 677   595981 256 713,,,,,,Estoy de acuerdo en que sea p煤blica la informaci贸n proporcionada en el presente formulario,,,
,,,,,,,,,,,RED TECHO  OLLA POPULAR San Valentin,Puntos de higiene:1 - Alcance: 152 personas. La RED de Apoyo a Asentamientos es una propuesta de colaboracin y articulacin entre las organizaciones.,-25.193228,-57.455895,AREGUA - Caacupemi - San Valentin,Somos una organizaci贸n o colectivo,,Salud Higiene Autogestin comunitaria Grupo de apoyo / Voluntarios,Sociedad Civil,,,Red de apoyo a asentamientos Olga Caballerro Melissa Cartasso,,595981 256 677   595981 256 714,,,,,,Estoy de acuerdo en que sea p煤blica la informaci贸n proporcionada en el presente formulario,,,
,,,,,,,,,,,RED TECHO  OLLA POPULAR San Valentin,Puntos de higiene:1 - Alcance: 140 personas. La RED de Apoyo a Asentamientos es una propuesta de colaboracin y articulacin entre las organizaciones.,-25.1681652,-57.4563754,AREGUA - Caacupemi - San Valentin,Somos una organizaci贸n o colectivo,,Salud Higiene Autogestin comunitaria Grupo de apoyo / Voluntarios,Sociedad Civil,,,Red de apoyo a asentamientos Olga Caballerro Melissa Cartasso,,595981 256 677   595981 256 715,,,,,,Estoy de acuerdo en que sea p煤blica la informaci贸n proporcionada en el presente formulario,,,
,,,,,,,,,,,RED TECHO  OLLA POPULAR San Valentin,Puntos de higiene:1 - Alcance: 160 personas. La RED de Apoyo a Asentamientos es una propuesta de colaboracin y articulacin entre las organizaciones.,-25.170567,-57.460976,AREGUA - Caacupemi - San Valentin,Somos una organizaci贸n o colectivo,,Salud Higiene Autogestin comunitaria Grupo de apoyo / Voluntarios,Sociedad Civil,,,Red de apoyo a asentamientos Olga Caballerro Melissa Cartasso,,595981 256 677   595981 256 716,,,,,,Estoy de acuerdo en que sea p煤blica la informaci贸n proporcionada en el presente formulario,,,
,,,,,,,,,,,RED TECHO  OLLA POPULAR San Valentin,Puntos de higiene:3 - Alcance: 548 personas. La RED de Apoyo a Asentamientos es una propuesta de colaboracin y articulacin entre las organizaciones.,-25.124894,-57.468685,AREGUA - Caacupemi - San Valentin,Somos una organizaci贸n o colectivo,,Salud Higiene Autogestin comunitaria Grupo de apoyo / Voluntarios,Sociedad Civil,,,Red de apoyo a asentamientos Olga Caballerro Melissa Cartasso,,595981 256 677   595981 256 717,,,,,,Estoy de acuerdo en que sea p煤blica la informaci贸n proporcionada en el presente formulario,,,
,,,,,,,,,,,RED TECHO  OLLA POPULAR San Valentin,Puntos de higiene:2 - Alcance: 276 personas. La RED de Apoyo a Asentamientos es una propuesta de colaboracin y articulacin entre las organizaciones.,-25.1702627,-57.4615545,AREGUA - Caacupemi - San Valentin,Somos una organizaci贸n o colectivo,,Salud Higiene Autogestin comunitaria Grupo de apoyo / Voluntarios,Sociedad Civil,,,Red de apoyo a asentamientos Olga Caballerro Melissa Cartasso,,595981 256 677   595981 256 718,,,,,,Estoy de acuerdo en que sea p煤blica la informaci贸n proporcionada en el presente formulario,,,
,,,,,,,,,,,RED TECHO  OLLA POPULAR San Valentin,Puntos de higiene:4 - Alcance: 1000 personas. La RED de Apoyo a Asentamientos es una propuesta de colaboracin y articulacin entre las organizaciones.,-25.172016,-57.45831,AREGUA - Caacupemi - San Valentin,Somos una organizaci贸n o colectivo,,Salud Higiene Autogestin comunitaria Grupo de apoyo / Voluntarios,Sociedad Civil,,,Red de apoyo a asentamientos Olga Caballerro Melissa Cartasso,,595981 256 677   595981 256 719,,,,,,Estoy de acuerdo en que sea p煤blica la informaci贸n proporcionada en el presente formulario,,,
,,,,,,,,,,,RED TECHO  OLLA POPULAR San Valentin,Puntos de higiene:2 - Alcance: 592 personas. La RED de Apoyo a Asentamientos es una propuesta de colaboracin y articulacin entre las organizaciones.,-25.12725,-57.466333,AREGUA - Caacupemi - San Valentin,Somos una organizaci贸n o colectivo,,Salud Higiene Autogestin comunitaria Grupo de apoyo / Voluntarios,Sociedad Civil,,,Red de apoyo a asentamientos Olga Caballerro Melissa Cartasso,,595981 256 677   595981 256 720,,,,,,Estoy de acuerdo en que sea p煤blica la informaci贸n proporcionada en el presente formulario,,,
,,,,,,,,,,,RED TECHO  OLLA POPULAR San Valentin,Puntos de higiene:4 - Alcance: 800 personas. La RED de Apoyo a Asentamientos es una propuesta de colaboracin y articulacin entre las organizaciones.,-25.130295,-57.458978,AREGUA - Caacupemi - San Valentin,Somos una organizaci贸n o colectivo,,Salud Higiene Autogestin comunitaria Grupo de apoyo / Voluntarios,Sociedad Civil,,,Red de apoyo a asentamientos Olga Caballerro Melissa Cartasso,,595981 256 677   595981 256 721,,,,,,Estoy de acuerdo en que sea p煤blica la informaci贸n proporcionada en el presente formulario,,,
,,,,,,,,,,,RED TECHO  OLLA POPULAR San Valentin,Puntos de higiene:1 - Alcance: 288 personas. La RED de Apoyo a Asentamientos es una propuesta de colaboracin y articulacin entre las organizaciones.,-25.126632,-57.458436,AREGUA - Caacupemi - San Valentin,Somos una organizaci贸n o colectivo,,Salud Higiene Autogestin comunitaria Grupo de apoyo / Voluntarios,Sociedad Civil,,,Red de apoyo a asentamientos Olga Caballerro Melissa Cartasso,,595981 256 677   595981 256 722,,,,,,Estoy de acuerdo en que sea p煤blica la informaci贸n proporcionada en el presente formulario,,,
,,,,,,,,,,,RED TECHO  OLLA POPULAR San Valentin,Puntos de higiene:3 - Alcance: 600 personas. La RED de Apoyo a Asentamientos es una propuesta de colaboracin y articulacin entre las organizaciones.,-25.1430278,-57.5053554,AREGUA - Caacupemi - San Valentin,Somos una organizaci贸n o colectivo,,Salud Higiene Autogestin comunitaria Grupo de apoyo / Voluntarios,Sociedad Civil,,,Red de apoyo a asentamientos Olga Caballerro Melissa Cartasso,,595981 256 677   595981 256 723,,,,,,Estoy de acuerdo en que sea p煤blica la informaci贸n proporcionada en el presente formulario,,,
,,,,,,,,,,,RED TECHO  OLLA POPULAR San Valentin,Puntos de higiene:3 - Alcance: 600 personas. La RED de Apoyo a Asentamientos es una propuesta de colaboracin y articulacin entre las organizaciones.,-25.1651234,-57.4911999,AREGUA - Caacupemi - San Valentin,Somos una organizaci贸n o colectivo,,Salud Higiene Autogestin comunitaria Grupo de apoyo / Voluntarios,Sociedad Civil,,,Red de apoyo a asentamientos Olga Caballerro Melissa Cartasso,,595981 256 677   595981 256 724,,,,,,Estoy de acuerdo en que sea p煤blica la informaci贸n proporcionada en el presente formulario,,,
,,,,,,,,,,,RED TECHO  OLLA POPULAR San Valentin,Puntos de higiene:1 - Alcance: 120 personas. La RED de Apoyo a Asentamientos es una propuesta de colaboracin y articulacin entre las organizaciones.,-25.204944,-57.479361,AREGUA - Caacupemi - San Valentin,Somos una organizaci贸n o colectivo,,Salud Higiene Autogestin comunitaria Grupo de apoyo / Voluntarios,Sociedad Civil,,,Red de apoyo a asentamientos Olga Caballerro Melissa Cartasso,,595981 256 677   595981 256 725,,,,,,Estoy de acuerdo en que sea p煤blica la informaci贸n proporcionada en el presente formulario,,,
,,,,,,,,,,,RED TECHO  OLLA POPULAR San Valentin,Puntos de higiene:3 - Alcance: 400 personas. La RED de Apoyo a Asentamientos es una propuesta de colaboracin y articulacin entre las organizaciones.,-25.2055,-57.475028,AREGUA - Caacupemi - San Valentin,Somos una organizaci贸n o colectivo,,Salud Higiene Autogestin comunitaria Grupo de apoyo / Voluntarios,Sociedad Civil,,,Red de apoyo a asentamientos Olga Caballerro Melissa Cartasso,,595981 256 677   595981 256 726,,,,,,Estoy de acuerdo en que sea p煤blica la informaci贸n proporcionada en el presente formulario,,,
,,,,,,,,,,,RED TECHO  OLLA POPULAR San Valentin,Puntos de higiene:3 - Alcance: 592 personas. La RED de Apoyo a Asentamientos es una propuesta de colaboracin y articulacin entre las organizaciones.,-25.204667,-57.476694,AREGUA - Caacupemi - San Valentin,Somos una organizaci贸n o colectivo,,Salud Higiene Autogestin comunitaria Grupo de apoyo / Voluntarios,Sociedad Civil,,,Red de apoyo a asentamientos Olga Caballerro Melissa Cartasso,,595981 256 677   595981 256 727,,,,,,Estoy de acuerdo en que sea p煤blica la informaci贸n proporcionada en el presente formulario,,,
,,,,,,,,,,,RED TECHO  OLLA POPULAR San Valentin,Puntos de higiene:2 - Alcance: 320 personas. La RED de Apoyo a Asentamientos es una propuesta de colaboracin y articulacin entre las organizaciones.,-25.164487,-57.496014,AREGUA - Caacupemi - San Valentin,Somos una organizaci贸n o colectivo,,Salud Higiene Autogestin comunitaria Grupo de apoyo / Voluntarios,Sociedad Civil,,,Red de apoyo a asentamientos Olga Caballerro Melissa Cartasso,,595981 256 677   595981 256 728,,,,,,Estoy de acuerdo en que sea p煤blica la informaci贸n proporcionada en el presente formulario,,,
,,,,,,,,,,,RED TECHO  OLLA POPULAR San Valentin,Puntos de higiene:1 - Alcance: 232 personas. La RED de Apoyo a Asentamientos es una propuesta de colaboracin y articulacin entre las organizaciones.,-25.162292,-57.494917,AREGUA - Caacupemi - San Valentin,Somos una organizaci贸n o colectivo,,Salud Higiene Autogestin comunitaria Grupo de apoyo / Voluntarios,Sociedad Civil,,,Red de apoyo a asentamientos Olga Caballerro Melissa Cartasso,,595981 256 677   595981 256 729,,,,,,Estoy de acuerdo en que sea p煤blica la informaci贸n proporcionada en el presente formulario,,,
,,,,,,,,,,,RED TECHO  OLLA POPULAR San Valentin,Puntos de higiene:1 - Alcance: 236 personas. La RED de Apoyo a Asentamientos es una propuesta de colaboracin y articulacin entre las organizaciones.,-25.202413,-57.4825877,AREGUA - Caacupemi - San Valentin,Somos una organizaci贸n o colectivo,,Salud Higiene Autogestin comunitaria Grupo de apoyo / Voluntarios,Sociedad Civil,,,Red de apoyo a asentamientos Olga Caballerro Melissa Cartasso,,595981 256 677   595981 256 730,,,,,,Estoy de acuerdo en que sea p煤blica la informaci贸n proporcionada en el presente formulario,,,
,,,,,,,,,,,RED TECHO  OLLA POPULAR San Valentin,Puntos de higiene:1 - Alcance: 60 personas. La RED de Apoyo a Asentamientos es una propuesta de colaboracin y articulacin entre las organizaciones.,-25.176102,-57.457123,AREGUA - Caacupemi - San Valentin,Somos una organizaci贸n o colectivo,,Salud Higiene Autogestin comunitaria Grupo de apoyo / Voluntarios,Sociedad Civil,,,Red de apoyo a asentamientos Olga Caballerro Melissa Cartasso,,595981 256 677   595981 256 731,,,,,,Estoy de acuerdo en que sea p煤blica la informaci贸n proporcionada en el presente formulario,,,
,,,,,,,,,,,RED TECHO  OLLA POPULAR San Valentin,Puntos de higiene:2 - Alcance: 340 personas. La RED de Apoyo a Asentamientos es una propuesta de colaboracin y articulacin entre las organizaciones.,-25.178421,-57.4602881,AREGUA - Caacupemi - San Valentin,Somos una organizaci贸n o colectivo,,Salud Higiene Autogestin comunitaria Grupo de apoyo / Voluntarios,Sociedad Civil,,,Red de apoyo a asentamientos Olga Caballerro Melissa Cartasso,,595981 256 677   595981 256 732,,,,,,Estoy de acuerdo en que sea p煤blica la informaci贸n proporcionada en el presente formulario,,,
,,,,,,,,,,,RED TECHO  OLLA POPULAR San Valentin,Puntos de higiene:1 - Alcance: 268 personas. La RED de Apoyo a Asentamientos es una propuesta de colaboracin y articulacin entre las organizaciones.,-25.1769371,-57.4597464,AREGUA - Caacupemi - San Valentin,Somos una organizaci贸n o colectivo,,Salud Higiene Autogestin comunitaria Grupo de apoyo / Voluntarios,Sociedad Civil,,,Red de apoyo a asentamientos Olga Caballerro Melissa Cartasso,,595981 256 677   595981 256 733,,,,,,Estoy de acuerdo en que sea p煤blica la informaci贸n proporcionada en el presente formulario,,,
,,,,,,,,,,,RED TECHO  OLLA POPULAR San Valentin,Puntos de higiene:1 - Alcance: 184 personas. La RED de Apoyo a Asentamientos es una propuesta de colaboracin y articulacin entre las organizaciones.,-25.1143528,-57.4775839,AREGUA - Caacupemi - San Valentin,Somos una organizaci贸n o colectivo,,Salud Higiene Autogestin comunitaria Grupo de apoyo / Voluntarios,Sociedad Civil,,,Red de apoyo a asentamientos Olga Caballerro Melissa Cartasso,,595981 256 677   595981 256 734,,,,,,Estoy de acuerdo en que sea p煤blica la informaci贸n proporcionada en el presente formulario,,,
,,,,,,,,,,,RED TECHO  OLLA POPULAR San Valentin,Puntos de higiene:3 - Alcance: 616 personas. La RED de Apoyo a Asentamientos es una propuesta de colaboracin y articulacin entre las organizaciones.,-25.134111,-57.473667,AREGUA - Caacupemi - San Valentin,Somos una organizaci贸n o colectivo,,Salud Higiene Autogestin comunitaria Grupo de apoyo / Voluntarios,Sociedad Civil,,,Red de apoyo a asentamientos Olga Caballerro Melissa Cartasso,,595981 256 677   595981 256 735,,,,,,Estoy de acuerdo en que sea p煤blica la informaci贸n proporcionada en el presente formulario,,,
,,,,,,,,,,,RED TECHO  OLLA POPULAR San Valentin,Puntos de higiene:1 - Alcance: 68 personas. La RED de Apoyo a Asentamientos es una propuesta de colaboracin y articulacin entre las organizaciones.,-25.1270617,-57.4603182,AREGUA - Caacupemi - San Valentin,Somos una organizaci贸n o colectivo,,Salud Higiene Autogestin comunitaria Grupo de apoyo / Voluntarios,Sociedad Civil,,,Red de apoyo a asentamientos Olga Caballerro Melissa Cartasso,,595981 256 677   595981 256 736,,,,,,Estoy de acuerdo en que sea p煤blica la informaci贸n proporcionada en el presente formulario,,,
,,,,,,,,,,,RED TECHO  OLLA POPULAR San Valentin,Puntos de higiene:3 - Alcance: 548 personas. La RED de Apoyo a Asentamientos es una propuesta de colaboracin y articulacin entre las organizaciones.,-25.124778,-57.467694,AREGUA - Caacupemi - San Valentin,Somos una organizaci贸n o colectivo,,Salud Higiene Autogestin comunitaria Grupo de apoyo / Voluntarios,Sociedad Civil,,,Red de apoyo a asentamientos Olga Caballerro Melissa Cartasso,,595981 256 677   595981 256 737,,,,,,Estoy de acuerdo en que sea p煤blica la informaci贸n proporcionada en el presente formulario,,,
,,,,,,,,,,,RED TECHO  OLLA POPULAR San Valentin,Puntos de higiene:2 - Alcance: 332 personas. La RED de Apoyo a Asentamientos es una propuesta de colaboracin y articulacin entre las organizaciones.,-25.1567879,-57.4540738,AREGUA - Caacupemi - San Valentin,Somos una organizaci贸n o colectivo,,Salud Higiene Autogestin comunitaria Grupo de apoyo / Voluntarios,Sociedad Civil,,,Red de apoyo a asentamientos Olga Caballerro Melissa Cartasso,,595981 256 677   595981 256 738,,,,,,Estoy de acuerdo en que sea p煤blica la informaci贸n proporcionada en el presente formulario,,,
,,,,,,,,,,,RED TECHO  OLLA POPULAR San Valentin,Puntos de higiene:3 - Alcance: 760 personas. La RED de Apoyo a Asentamientos es una propuesta de colaboracin y articulacin entre las organizaciones.,-25.1567879,-57.4540738,AREGUA - Caacupemi - San Valentin,Somos una organizaci贸n o colectivo,,Salud Higiene Autogestin comunitaria Grupo de apoyo / Voluntarios,Sociedad Civil,,,Red de apoyo a asentamientos Olga Caballerro Melissa Cartasso,,595981 256 677   595981 256 739,,,,,,Estoy de acuerdo en que sea p煤blica la informaci贸n proporcionada en el presente formulario,,,
,,,,,,,,,,,RED TECHO  OLLA POPULAR San Valentin,Puntos de higiene:4 - Alcance: 936 personas. La RED de Apoyo a Asentamientos es una propuesta de colaboracin y articulacin entre las organizaciones.,-25.167398,-57.452697,AREGUA - Caacupemi - San Valentin,Somos una organizaci贸n o colectivo,,Salud Higiene Autogestin comunitaria Grupo de apoyo / Voluntarios,Sociedad Civil,,,Red de apoyo a asentamientos Olga Caballerro Melissa Cartasso,,595981 256 677   595981 256 740,,,,,,Estoy de acuerdo en que sea p煤blica la informaci贸n proporcionada en el presente formulario,,,
,,,,,,,,,,,RED TECHO  OLLA POPULAR San Valentin,Puntos de higiene:1 - Alcance: 160 personas. La RED de Apoyo a Asentamientos es una propuesta de colaboracin y articulacin entre las organizaciones.,-25.2641423,-57.4514295,AREGUA - Caacupemi - San Valentin,Somos una organizaci贸n o colectivo,,Salud Higiene Autogestin comunitaria Grupo de apoyo / Voluntarios,Sociedad Civil,,,Red de apoyo a asentamientos Olga Caballerro Melissa Cartasso,,595981 256 677   595981 256 741,,,,,,Estoy de acuerdo en que sea p煤blica la informaci贸n proporcionada en el presente formulario,,,
,,,,,,,,,,,RED TECHO  OLLA POPULAR San Valentin,Puntos de higiene:1 - Alcance: 212 personas. La RED de Apoyo a Asentamientos es una propuesta de colaboracin y articulacin entre las organizaciones.,-25.274861,-57.431806,AREGUA - Caacupemi - San Valentin,Somos una organizaci贸n o colectivo,,Salud Higiene Autogestin comunitaria Grupo de apoyo / Voluntarios,Sociedad Civil,,,Red de apoyo a asentamientos Olga Caballerro Melissa Cartasso,,595981 256 677   595981 256 742,,,,,,Estoy de acuerdo en que sea p煤blica la informaci贸n proporcionada en el presente formulario,,,
,,,,,,,,,,,RED TECHO  OLLA POPULAR San Valentin,Puntos de higiene:3 - Alcance: 588 personas. La RED de Apoyo a Asentamientos es una propuesta de colaboracin y articulacin entre las organizaciones.,-25.304889,-57.473722,AREGUA - Caacupemi - San Valentin,Somos una organizaci贸n o colectivo,,Salud Higiene Autogestin comunitaria Grupo de apoyo / Voluntarios,Sociedad Civil,,,Red de apoyo a asentamientos Olga Caballerro Melissa Cartasso,,595981 256 677   595981 256 743,,,,,,Estoy de acuerdo en que sea p煤blica la informaci贸n proporcionada en el presente formulario,,,
,,,,,,,,,,,RED TECHO  OLLA POPULAR San Valentin,Puntos de higiene:3 - Alcance: 760 personas. La RED de Apoyo a Asentamientos es una propuesta de colaboracin y articulacin entre las organizaciones.,-25.3097675,-57.4713059,AREGUA - Caacupemi - San Valentin,Somos una organizaci贸n o colectivo,,Salud Higiene Autogestin comunitaria Grupo de apoyo / Voluntarios,Sociedad Civil,,,Red de apoyo a asentamientos Olga Caballerro Melissa Cartasso,,595981 256 677   595981 256 744,,,,,,Estoy de acuerdo en que sea p煤blica la informaci贸n proporcionada en el presente formulario,,,
,,,,,,,,,,,RED TECHO  OLLA POPULAR San Valentin,Puntos de higiene:1 - Alcance: 88 personas. La RED de Apoyo a Asentamientos es una propuesta de colaboracin y articulacin entre las organizaciones.,-25.2893056,-57.451022,AREGUA - Caacupemi - San Valentin,Somos una organizaci贸n o colectivo,,Salud Higiene Autogestin comunitaria Grupo de apoyo / Voluntarios,Sociedad Civil,,,Red de apoyo a asentamientos Olga Caballerro Melissa Cartasso,,595981 256 677   595981 256 745,,,,,,Estoy de acuerdo en que sea p煤blica la informaci贸n proporcionada en el presente formulario,,,
,,,,,,,,,,,RED TECHO  OLLA POPULAR San Valentin,Puntos de higiene:1 - Alcance: 180 personas. La RED de Apoyo a Asentamientos es una propuesta de colaboracin y articulacin entre las organizaciones.,-25.3022778,-57.4591331,AREGUA - Caacupemi - San Valentin,Somos una organizaci贸n o colectivo,,Salud Higiene Autogestin comunitaria Grupo de apoyo / Voluntarios,Sociedad Civil,,,Red de apoyo a asentamientos Olga Caballerro Melissa Cartasso,,595981 256 677   595981 256 746,,,,,,Estoy de acuerdo en que sea p煤blica la informaci贸n proporcionada en el presente formulario,,,
,,,,,,,,,,,RED TECHO  OLLA POPULAR San Valentin,Puntos de higiene:1 - Alcance: 116 personas. La RED de Apoyo a Asentamientos es una propuesta de colaboracin y articulacin entre las organizaciones.,-25.3114761,-57.4961734,AREGUA - Caacupemi - San Valentin,Somos una organizaci贸n o colectivo,,Salud Higiene Autogestin comunitaria Grupo de apoyo / Voluntarios,Sociedad Civil,,,Red de apoyo a asentamientos Olga Caballerro Melissa Cartasso,,595981 256 677   595981 256 747,,,,,,Estoy de acuerdo en que sea p煤blica la informaci贸n proporcionada en el presente formulario,,,
,,,,,,,,,,,RED TECHO  OLLA POPULAR San Valentin,Puntos de higiene:2 - Alcance: 340 personas. La RED de Apoyo a Asentamientos es una propuesta de colaboracin y articulacin entre las organizaciones.,-25.2884335,-57.4952506,AREGUA - Caacupemi - San Valentin,Somos una organizaci贸n o colectivo,,Salud Higiene Autogestin comunitaria Grupo de apoyo / Voluntarios,Sociedad Civil,,,Red de apoyo a asentamientos Olga Caballerro Melissa Cartasso,,595981 256 677   595981 256 748,,,,,,Estoy de acuerdo en que sea p煤blica la informaci贸n proporcionada en el presente formulario,,,
,,,,,,,,,,,RED TECHO  OLLA POPULAR San Valentin,Puntos de higiene:4 - Alcance: 840 personas. La RED de Apoyo a Asentamientos es una propuesta de colaboracin y articulacin entre las organizaciones.,-25.3109675,-57.5619631,AREGUA - Caacupemi - San Valentin,Somos una organizaci贸n o colectivo,,Salud Higiene Autogestin comunitaria Grupo de apoyo / Voluntarios,Sociedad Civil,,,Red de apoyo a asentamientos Olga Caballerro Melissa Cartasso,,595981 256 677   595981 256 749,,,,,,Estoy de acuerdo en que sea p煤blica la informaci贸n proporcionada en el presente formulario,,,
,,,,,,,,,,,RED TECHO  OLLA POPULAR San Valentin,Puntos de higiene:2 - Alcance: 352 personas. La RED de Apoyo a Asentamientos es una propuesta de colaboracin y articulacin entre las organizaciones.,-25.3139283,-57.4805289,AREGUA - Caacupemi - San Valentin,Somos una organizaci贸n o colectivo,,Salud Higiene Autogestin comunitaria Grupo de apoyo / Voluntarios,Sociedad Civil,,,Red de apoyo a asentamientos Olga Caballerro Melissa Cartasso,,595981 256 677   595981 256 750,,,,,,Estoy de acuerdo en que sea p煤blica la informaci贸n proporcionada en el presente formulario,,,
,,,,,,,,,,,RED TECHO  OLLA POPULAR San Valentin,Puntos de higiene:1 - Alcance: 148 personas. La RED de Apoyo a Asentamientos es una propuesta de colaboracin y articulacin entre las organizaciones.,-25.3115166,-57.4957384,AREGUA - Caacupemi - San Valentin,Somos una organizaci贸n o colectivo,,Salud Higiene Autogestin comunitaria Grupo de apoyo / Voluntarios,Sociedad Civil,,,Red de apoyo a asentamientos Olga Caballerro Melissa Cartasso,,595981 256 677   595981 256 751,,,,,,Estoy de acuerdo en que sea p煤blica la informaci贸n proporcionada en el presente formulario,,,
,,,,,,,,,,,RED TECHO  OLLA POPULAR San Valentin,Puntos de higiene:1 - Alcance: 104 personas. La RED de Apoyo a Asentamientos es una propuesta de colaboracin y articulacin entre las organizaciones.,-25.2218249,-57.4691719,AREGUA - Caacupemi - San Valentin,Somos una organizaci贸n o colectivo,,Salud Higiene Autogestin comunitaria Grupo de apoyo / Voluntarios,Sociedad Civil,,,Red de apoyo a asentamientos Olga Caballerro Melissa Cartasso,,595981 256 677   595981 256 752,,,,,,Estoy de acuerdo en que sea p煤blica la informaci贸n proporcionada en el presente formulario,,,
,,,,,,,,,,,RED TECHO  OLLA POPULAR San Valentin,Puntos de higiene:1 - Alcance: 120 personas. La RED de Apoyo a Asentamientos es una propuesta de colaboracin y articulacin entre las organizaciones.,-25.224852,-57.4697095,AREGUA - Caacupemi - San Valentin,Somos una organizaci贸n o colectivo,,Salud Higiene Autogestin comunitaria Grupo de apoyo / Voluntarios,Sociedad Civil,,,Red de apoyo a asentamientos Olga Caballerro Melissa Cartasso,,595981 256 677   595981 256 753,,,,,,Estoy de acuerdo en que sea p煤blica la informaci贸n proporcionada en el presente formulario,,,
,,,,,,,,,,,RED TECHO  OLLA POPULAR San Valentin,Puntos de higiene:1 - Alcance: 228 personas. La RED de Apoyo a Asentamientos es una propuesta de colaboracin y articulacin entre las organizaciones.,-25.2085556,-57.4493585,AREGUA - Caacupemi - San Valentin,Somos una organizaci贸n o colectivo,,Salud Higiene Autogestin comunitaria Grupo de apoyo / Voluntarios,Sociedad Civil,,,Red de apoyo a asentamientos Olga Caballerro Melissa Cartasso,,595981 256 677   595981 256 754,,,,,,Estoy de acuerdo en que sea p煤blica la informaci贸n proporcionada en el presente formulario,,,
,,,,,,,,,,,RED TECHO  OLLA POPULAR San Valentin,Puntos de higiene:3 - Alcance: 424 personas. La RED de Apoyo a Asentamientos es una propuesta de colaboracin y articulacin entre las organizaciones.,-25.2240278,-57.4679943,AREGUA - Caacupemi - San Valentin,Somos una organizaci贸n o colectivo,,Salud Higiene Autogestin comunitaria Grupo de apoyo / Voluntarios,Sociedad Civil,,,Red de apoyo a asentamientos Olga Caballerro Melissa Cartasso,,595981 256 677   595981 256 755,,,,,,Estoy de acuerdo en que sea p煤blica la informaci贸n proporcionada en el presente formulario,,,
,,,,,,,,,,,RED TECHO  OLLA POPULAR San Valentin,Puntos de higiene:3 - Alcance: 456 personas. La RED de Apoyo a Asentamientos es una propuesta de colaboracin y articulacin entre las organizaciones.,-25.2331389,-57.4628355,AREGUA - Caacupemi - San Valentin,Somos una organizaci贸n o colectivo,,Salud Higiene Autogestin comunitaria Grupo de apoyo / Voluntarios,Sociedad Civil,,,Red de apoyo a asentamientos Olga Caballerro Melissa Cartasso,,595981 256 677   595981 256 756,,,,,,Estoy de acuerdo en que sea p煤blica la informaci贸n proporcionada en el presente formulario,,,
,,,,,,,,,,,RED TECHO  OLLA POPULAR San Valentin,Puntos de higiene:2 - Alcance: 480 personas. La RED de Apoyo a Asentamientos es una propuesta de colaboracin y articulacin entre las organizaciones.,-25.2247222,-57.4514109,AREGUA - Caacupemi - San Valentin,Somos una organizaci贸n o colectivo,,Salud Higiene Autogestin comunitaria Grupo de apoyo / Voluntarios,Sociedad Civil,,,Red de apoyo a asentamientos Olga Caballerro Melissa Cartasso,,595981 256 677   595981 256 757,,,,,,Estoy de acuerdo en que sea p煤blica la informaci贸n proporcionada en el presente formulario,,,
,,,,,,,,,,,RED TECHO  OLLA POPULAR San Valentin,Puntos de higiene:3 - Alcance: 776 personas. La RED de Apoyo a Asentamientos es una propuesta de colaboracin y articulacin entre las organizaciones.,-25.22181,-57.465376,AREGUA - Caacupemi - San Valentin,Somos una organizaci贸n o colectivo,,Salud Higiene Autogestin comunitaria Grupo de apoyo / Voluntarios,Sociedad Civil,,,Red de apoyo a asentamientos Olga Caballerro Melissa Cartasso,,595981 256 677   595981 256 758,,,,,,Estoy de acuerdo en que sea p煤blica la informaci贸n proporcionada en el presente formulario,,,
,,,,,,,,,,,RED TECHO  OLLA POPULAR San Valentin,Puntos de higiene:2 - Alcance: 2000 personas. La RED de Apoyo a Asentamientos es una propuesta de colaboracin y articulacin entre las organizaciones.,-25.2985834,-57.4781366,AREGUA - Caacupemi - San Valentin,Somos una organizaci贸n o colectivo,,Salud Higiene Autogestin comunitaria Grupo de apoyo / Voluntarios,Sociedad Civil,,,Red de apoyo a asentamientos Olga Caballerro Melissa Cartasso,,595981 256 677   595981 256 759,,,,,,Estoy de acuerdo en que sea p煤blica la informaci贸n proporcionada en el presente formulario,,,
,,,,,,,,,,,RED TECHO  OLLA POPULAR San Valentin,Puntos de higiene:4 - Alcance: 1000 personas. La RED de Apoyo a Asentamientos es una propuesta de colaboracin y articulacin entre las organizaciones.,-25.2911389,-57.452022,AREGUA - Caacupemi - San Valentin,Somos una organizaci贸n o colectivo,,Salud Higiene Autogestin comunitaria Grupo de apoyo / Voluntarios,Sociedad Civil,,,Red de apoyo a asentamientos Olga Caballerro Melissa Cartasso,,595981 256 677   595981 256 760,,,,,,Estoy de acuerdo en que sea p煤blica la informaci贸n proporcionada en el presente formulario,,,
,,,,,,,,,,,RED TECHO  OLLA POPULAR San Valentin,Puntos de higiene:1 - Alcance: 132 personas. La RED de Apoyo a Asentamientos es una propuesta de colaboracin y articulacin entre las organizaciones.,-25.2424722,-57.4569109,AREGUA - Caacupemi - San Valentin,Somos una organizaci贸n o colectivo,,Salud Higiene Autogestin comunitaria Grupo de apoyo / Voluntarios,Sociedad Civil,,,Red de apoyo a asentamientos Olga Caballerro Melissa Cartasso,,595981 256 677   595981 256 761,,,,,,Estoy de acuerdo en que sea p煤blica la informaci贸n proporcionada en el presente formulario,,,
,,,,,,,,,,,RED TECHO  OLLA POPULAR San Valentin,Puntos de higiene:4 - Alcance: 816 personas. La RED de Apoyo a Asentamientos es una propuesta de colaboracin y articulacin entre las organizaciones.,-25.2266389,-57.4737165,AREGUA - Caacupemi - San Valentin,Somos una organizaci贸n o colectivo,,Salud Higiene Autogestin comunitaria Grupo de apoyo / Voluntarios,Sociedad Civil,,,Red de apoyo a asentamientos Olga Caballerro Melissa Cartasso,,595981 256 677   595981 256 762,,,,,,Estoy de acuerdo en que sea p煤blica la informaci贸n proporcionada en el presente formulario,,,
,,,,,,,,,,,RED TECHO  OLLA POPULAR San Valentin,Puntos de higiene:1 - Alcance: 72 personas. La RED de Apoyo a Asentamientos es una propuesta de colaboracin y articulacin entre las organizaciones.,-25.2083833,-57.4199517,AREGUA - Caacupemi - San Valentin,Somos una organizaci贸n o colectivo,,Salud Higiene Autogestin comunitaria Grupo de apoyo / Voluntarios,Sociedad Civil,,,Red de apoyo a asentamientos Olga Caballerro Melissa Cartasso,,595981 256 677   595981 256 763,,,,,,Estoy de acuerdo en que sea p煤blica la informaci贸n proporcionada en el presente formulario,,,
,,,,,,,,,,,RED TECHO  OLLA POPULAR San Valentin,Puntos de higiene:1 - Alcance: 140 personas. La RED de Apoyo a Asentamientos es una propuesta de colaboracin y articulacin entre las organizaciones.,-25.2180833,-57.4168831,AREGUA - Caacupemi - San Valentin,Somos una organizaci贸n o colectivo,,Salud Higiene Autogestin comunitaria Grupo de apoyo / Voluntarios,Sociedad Civil,,,Red de apoyo a asentamientos Olga Caballerro Melissa Cartasso,,595981 256 677   595981 256 764,,,,,,Estoy de acuerdo en que sea p煤blica la informaci贸n proporcionada en el presente formulario,,,
,,,,,,,,,,,RED TECHO  OLLA POPULAR San Valentin,Puntos de higiene:1 - Alcance: 284 personas. La RED de Apoyo a Asentamientos es una propuesta de colaboracin y articulacin entre las organizaciones.,-25.2333668,-57.4901855,AREGUA - Caacupemi - San Valentin,Somos una organizaci贸n o colectivo,,Salud Higiene Autogestin comunitaria Grupo de apoyo / Voluntarios,Sociedad Civil,,,Red de apoyo a asentamientos Olga Caballerro Melissa Cartasso,,595981 256 677   595981 256 765,,,,,,Estoy de acuerdo en que sea p煤blica la informaci贸n proporcionada en el presente formulario,,,
,,,,,,,,,,,RED TECHO  OLLA POPULAR San Valentin,Puntos de higiene:2 - Alcance: 520 personas. La RED de Apoyo a Asentamientos es una propuesta de colaboracin y articulacin entre las organizaciones.,-25.236,-57.420367,AREGUA - Caacupemi - San Valentin,Somos una organizaci贸n o colectivo,,Salud Higiene Autogestin comunitaria Grupo de apoyo / Voluntarios,Sociedad Civil,,,Red de apoyo a asentamientos Olga Caballerro Melissa Cartasso,,595981 256 677   595981 256 766,,,,,,Estoy de acuerdo en que sea p煤blica la informaci贸n proporcionada en el presente formulario,,,
,,,,,,,,,,,RED TECHO  OLLA POPULAR San Valentin,Puntos de higiene:3 - Alcance: 600 personas. La RED de Apoyo a Asentamientos es una propuesta de colaboracin y articulacin entre las organizaciones.,-25.22006,-57.420329,AREGUA - Caacupemi - San Valentin,Somos una organizaci贸n o colectivo,,Salud Higiene Autogestin comunitaria Grupo de apoyo / Voluntarios,Sociedad Civil,,,Red de apoyo a asentamientos Olga Caballerro Melissa Cartasso,,595981 256 677   595981 256 767,,,,,,Estoy de acuerdo en que sea p煤blica la informaci贸n proporcionada en el presente formulario,,,
,,,,,,,,,,,RED TECHO  OLLA POPULAR San Valentin,Puntos de higiene:3 - Alcance: 720 personas. La RED de Apoyo a Asentamientos es una propuesta de colaboracin y articulacin entre las organizaciones.,-25.2292066,-57.3965252,AREGUA - Caacupemi - San Valentin,Somos una organizaci贸n o colectivo,,Salud Higiene Autogestin comunitaria Grupo de apoyo / Voluntarios,Sociedad Civil,,,Red de apoyo a asentamientos Olga Caballerro Melissa Cartasso,,595981 256 677   595981 256 768,,,,,,Estoy de acuerdo en que sea p煤blica la informaci贸n proporcionada en el presente formulario,,,
,,,,,,,,,,,RED TECHO  OLLA POPULAR San Valentin,Puntos de higiene:4 - Alcance: 1600 personas. La RED de Apoyo a Asentamientos es una propuesta de colaboracin y articulacin entre las organizaciones.,-25.2378611,-57.4369665,AREGUA - Caacupemi - San Valentin,Somos una organizaci贸n o colectivo,,Salud Higiene Autogestin comunitaria Grupo de apoyo / Voluntarios,Sociedad Civil,,,Red de apoyo a asentamientos Olga Caballerro Melissa Cartasso,,595981 256 677   595981 256 769,,,,,,Estoy de acuerdo en que sea p煤blica la informaci贸n proporcionada en el presente formulario,,,
,,,,,,,,,,,RED TECHO  OLLA POPULAR San Valentin,Puntos de higiene:1 - Alcance: 120 personas. La RED de Apoyo a Asentamientos es una propuesta de colaboracin y articulacin entre las organizaciones.,-25.2613056,-57.4779736,AREGUA - Caacupemi - San Valentin,Somos una organizaci贸n o colectivo,,Salud Higiene Autogestin comunitaria Grupo de apoyo / Voluntarios,Sociedad Civil,,,Red de apoyo a asentamientos Olga Caballerro Melissa Cartasso,,595981 256 677   595981 256 770,,,,,,Estoy de acuerdo en que sea p煤blica la informaci贸n proporcionada en el presente formulario,,,
,,,,,,,,,,,RED TECHO  OLLA POPULAR San Valentin,Puntos de higiene:4 - Alcance: 944 personas. La RED de Apoyo a Asentamientos es una propuesta de colaboracin y articulacin entre las organizaciones.,-25.2585405,-57.5399738,AREGUA - Caacupemi - San Valentin,Somos una organizaci贸n o colectivo,,Salud Higiene Autogestin comunitaria Grupo de apoyo / Voluntarios,Sociedad Civil,,,Red de apoyo a asentamientos Olga Caballerro Melissa Cartasso,,595981 256 677   595981 256 771,,,,,,Estoy de acuerdo en que sea p煤blica la informaci贸n proporcionada en el presente formulario,,,
,,,,,,,,,,,RED TECHO  OLLA POPULAR San Valentin,Puntos de higiene:3 - Alcance: 560 personas. La RED de Apoyo a Asentamientos es una propuesta de colaboracin y articulacin entre las organizaciones.,-25.2489643,-57.5573509,AREGUA - Caacupemi - San Valentin,Somos una organizaci贸n o colectivo,,Salud Higiene Autogestin comunitaria Grupo de apoyo / Voluntarios,Sociedad Civil,,,Red de apoyo a asentamientos Olga Caballerro Melissa Cartasso,,595981 256 677   595981 256 772,,,,,,Estoy de acuerdo en que sea p煤blica la informaci贸n proporcionada en el presente formulario,,,
,,,,,,,,,,,RED TECHO  OLLA POPULAR San Valentin,Puntos de higiene:4 - Alcance: 800 personas. La RED de Apoyo a Asentamientos es una propuesta de colaboracin y articulacin entre las organizaciones.,-25.2171307,-57.4917002,AREGUA - Caacupemi - San Valentin,Somos una organizaci贸n o colectivo,,Salud Higiene Autogestin comunitaria Grupo de apoyo / Voluntarios,Sociedad Civil,,,Red de apoyo a asentamientos Olga Caballerro Melissa Cartasso,,595981 256 677   595981 256 773,,,,,,Estoy de acuerdo en que sea p煤blica la informaci贸n proporcionada en el presente formulario,,,
,,,,,,,,,,,RED TECHO  OLLA POPULAR San Valentin,Puntos de higiene:1 - Alcance: 128 personas. La RED de Apoyo a Asentamientos es una propuesta de colaboracin y articulacin entre las organizaciones.,-25.2557503,-57.4840722,AREGUA - Caacupemi - San Valentin,Somos una organizaci贸n o colectivo,,Salud Higiene Autogestin comunitaria Grupo de apoyo / Voluntarios,Sociedad Civil,,,Red de apoyo a asentamientos Olga Caballerro Melissa Cartasso,,595981 256 677   595981 256 774,,,,,,Estoy de acuerdo en que sea p煤blica la informaci贸n proporcionada en el presente formulario,,,
,,,,,,,,,,,RED TECHO  OLLA POPULAR San Valentin,Puntos de higiene:1 - Alcance: 148 personas. La RED de Apoyo a Asentamientos es una propuesta de colaboracin y articulacin entre las organizaciones.,-25.2181346,-57.475137,AREGUA - Caacupemi - San Valentin,Somos una organizaci贸n o colectivo,,Salud Higiene Autogestin comunitaria Grupo de apoyo / Voluntarios,Sociedad Civil,,,Red de apoyo a asentamientos Olga Caballerro Melissa Cartasso,,595981 256 677   595981 256 775,,,,,,Estoy de acuerdo en que sea p煤blica la informaci贸n proporcionada en el presente formulario,,,
,,,,,,,,,,,RED TECHO  OLLA POPULAR San Valentin,Puntos de higiene:2 - Alcance: 400 personas. La RED de Apoyo a Asentamientos es una propuesta de colaboracin y articulacin entre las organizaciones.,-25.5336884,-57.5491992,AREGUA - Caacupemi - San Valentin,Somos una organizaci贸n o colectivo,,Salud Higiene Autogestin comunitaria Grupo de apoyo / Voluntarios,Sociedad Civil,,,Red de apoyo a asentamientos Olga Caballerro Melissa Cartasso,,595981 256 677   595981 256 776,,,,,,Estoy de acuerdo en que sea p煤blica la informaci贸n proporcionada en el presente formulario,,,
,,,,,,,,,,,RED TECHO  OLLA POPULAR San Valentin,Puntos de higiene:3 - Alcance: 1880 personas. La RED de Apoyo a Asentamientos es una propuesta de colaboracin y articulacin entre las organizaciones.,-25.5076667,-57.517272,AREGUA - Caacupemi - San Valentin,Somos una organizaci贸n o colectivo,,Salud Higiene Autogestin comunitaria Grupo de apoyo / Voluntarios,Sociedad Civil,,,Red de apoyo a asentamientos Olga Caballerro Melissa Cartasso,,595981 256 677   595981 256 777,,,,,,Estoy de acuerdo en que sea p煤blica la informaci贸n proporcionada en el presente formulario,,,
,,,,,,,,,,,RED TECHO  OLLA POPULAR San Valentin,Puntos de higiene:1 - Alcance: 372 personas. La RED de Apoyo a Asentamientos es una propuesta de colaboracin y articulacin entre las organizaciones.,-25.1841755,-57.542903,AREGUA - Caacupemi - San Valentin,Somos una organizaci贸n o colectivo,,Salud Higiene Autogestin comunitaria Grupo de apoyo / Voluntarios,Sociedad Civil,,,Red de apoyo a asentamientos Olga Caballerro Melissa Cartasso,,595981 256 677   595981 256 778,,,,,,Estoy de acuerdo en que sea p煤blica la informaci贸n proporcionada en el presente formulario,,,
,,,,,,,,,,,RED TECHO  OLLA POPULAR San Valentin,Puntos de higiene:1 - Alcance: 544 personas. La RED de Apoyo a Asentamientos es una propuesta de colaboracin y articulacin entre las organizaciones.,-25.1821018,-57.5367992,AREGUA - Caacupemi - San Valentin,Somos una organizaci贸n o colectivo,,Salud Higiene Autogestin comunitaria Grupo de apoyo / Voluntarios,Sociedad Civil,,,Red de apoyo a asentamientos Olga Caballerro Melissa Cartasso,,595981 256 677   595981 256 779,,,,,,Estoy de acuerdo en que sea p煤blica la informaci贸n proporcionada en el presente formulario,,,
,,,,,,,,,,,RED TECHO  OLLA POPULAR San Valentin,Puntos de higiene:2 - Alcance: 696 personas. La RED de Apoyo a Asentamientos es una propuesta de colaboracin y articulacin entre las organizaciones.,-25.1873345,-57.4417993,AREGUA - Caacupemi - San Valentin,Somos una organizaci贸n o colectivo,,Salud Higiene Autogestin comunitaria Grupo de apoyo / Voluntarios,Sociedad Civil,,,Red de apoyo a asentamientos Olga Caballerro Melissa Cartasso,,595981 256 677   595981 256 780,,,,,,Estoy de acuerdo en que sea p煤blica la informaci贸n proporcionada en el presente formulario,,,
,,,,,,,,,,,RED TECHO  OLLA POPULAR San Valentin,Puntos de higiene:1 - Alcance: 1208 personas. La RED de Apoyo a Asentamientos es una propuesta de colaboracin y articulacin entre las organizaciones.,-25.43375,-57.4350858,AREGUA - Caacupemi - San Valentin,Somos una organizaci贸n o colectivo,,Salud Higiene Autogestin comunitaria Grupo de apoyo / Voluntarios,Sociedad Civil,,,Red de apoyo a asentamientos Olga Caballerro Melissa Cartasso,,595981 256 677   595981 256 781,,,,,,Estoy de acuerdo en que sea p煤blica la informaci贸n proporcionada en el presente formulario,,,
