"Post ID",Survey,"Post Status","Created (UTC)","Updated (UTC)","Post Date (UTC)","Contact ID",Contact,"Data Source ID",Source,"Unstructured Description","Título de la necesidad",Descripción,"¿Dónde están las personas en necesidad?.lat","¿Dónde están las personas en necesidad?.lon","Dirección o referencias","Tareas realizadas y pendientes sobre este posteo","Identificador Externo","Notas de Importación","Título de la iniciativa","Descripción detallada","Ubicación aproximada (si aplica).lat","Ubicación aproximada (si aplica).lon","Dirección o referencias","¿Es un ofrecimiento individual o de grupo?","Tareas realizadas y pendientes sobre este posteo","Identificador Externo","Notas de Importación","Título del producto o servicio","Descripción del producto o servicio","Clasificación del Producto o Servicio","Nombre de Fantasía/Marca","Razón Social de la Iniciativa","Tareas realizadas y pendientes sobre este posteo","Identificador Externo","Notas de Importación",Institución,"Título de la Iniciativa",Imagen,Descripción,"Ubicación aproximada.lat","Ubicación aproximada.lon","Categorías relacionadas","Teléfono de contacto",Email,Link,"Tareas realizadas y pendientes sobre este posteo","Identificador Externo","Notas de Importación","Titulo de la necesidad",Descripción,"Teléfono de contacto","Correo electrónico de contacto","Ubicación aproximada.lat","Ubicación aproximada.lon",Dirección,"Categorías relacionadas:","Tareas realizadas y pendientes sobre este posteo","Identificador Externo","Notas de Importación",Título,Descripción,"Organización y/o persona que reporta","Teléfono de contacto","Email de Contacto","Página web y/o link a las redes sociales",Dirección,Ubicación.lat,Ubicación.lon,Imagen,"Tareas realizadas y pendientes sobre este posteo","Identificador Externo","Notas de Importación","Categorías relacionadas","¿La necesidad es de quién reporta o de un tercero?","¿Es una necesidad colectiva o individual?","Nombre y apellidos (de quien reporta)","Contacto (de quien reporta)",Foto,Video,"Estado del pedido. ¿Se ha ya resuelto?",Fuente,"Link a la fuente","¿Existe algún otro punto en el mapa que se relacione a este?","Acuerdo de consentimiento","Categorías relacionadas",Sector,"Foto / Volante","Video (opcional)","(Oferente) Nombre de la organización o persona referente","(Oferente) Email","(Oferente) Teléfono","(Oferente) Web, Twitter, Grupo Whatsapp, Telegram, y otras redes","(Oferente) Información adicional de la organización o áreas en las que requiere apoyo",Fuente,"Link a la fuente","Conexiones o colaboraciones","Acuerdo de consentimiento","Inicio de vigencia de la iniciativa","Fin de vigencia de la iniciativa","ODS Relacionados","Persona de contacto","Telefono de contacto","Correo electrónico","Web y Redes Sociales","Flyer o Imagen (opcional)","Ubicación aproximada.lat","Ubicación aproximada.lon","Dirección o referencias","Categorías relacionadas","Medidas de protección contra el Covid19","¿A qué otros puntos del mapa podríamos conectar este producto o servicio?",Fuente,"Link a la fuente","Acuerdo de consentimiento","Inicio de vigencia de la iniciativa","Fin de vigencia de la iniciativa","ODS Relacionados","Persona a cargo","Acuerdo de Consentimiento","Inicio de vigencia de la iniciativa","Fin de vigencia de la iniciativa","ODS Relacionados","¿Está la necesidad resuelta?","Nombre de la persona o institución que reporta","Link o información adicional","Acuerdo de Consentimiento",Video,"Categorías relacionadas","Acuerdo de consentimiento","Inicio de vigencia de la iniciativa","Fin de vigencia de la iniciativa","ODS Relacionados"
,,,,,,,,,,,,,,,,,,,,,,,,,,,,,,,,,,,,,,,,,,,,,,,,,,,,,,,,,,,,,,,,,,,,,,,,,,,,,,,,,,,,,,,,,,,,,,,,,,,,,,,,,,,,,,,,,,,,,,,,,,,,,,,,,,,,
2350,"Ofrecimientos de ayuda y otras iniciativas ciudadanas",published,"2020-07-28 00:06:50","2020-07-30 16:09:31","2020-07-28 00:06:50",,,,,,,,,,,,,,"RED - TECHO -  El Portal","Puntos de higiene:1 - Alcance: 1208 personas. La RED de Apoyo a Asentamientos es una propuesta de colaboración y articulación entre las organizaciones.",-25.43375,-57.435086,"JA Saldivar El Portal El Portal","Somos una organizacion o colectivo",,,,,,,,,,,,,,,,,,,,,,,,,,,,,,,,,,,,,,,,,,,,,,,,,,,,,,,,,,,,,"Salud / Higiene","Sociedad Civil",,,,,981256677,,,"Reporte ciudadano",,,"Estoy de acuerdo en que sea publica la informacion proporcionada en el presente formulario",2020-07-31,2020-07-31,"ODS 1: Fin de la pobreza,ODS 17: Alianzas para lograr los objetivos,ODS 3: Salud y bienestar,ODS 10: Redución de las desigualdades,ODS 2: Hambre cero",,,,,,,,,,,,,,,,,,,,,,,,,,,,,,,,
2349,"Ofrecimientos de ayuda y otras iniciativas ciudadanas",published,"2020-07-28 00:06:49","2020-08-03 18:12:17","2020-07-28 00:06:49",,,,,,,,,,,,,,"RED - TECHO -  Nuevo Amanecer","Puntos de higiene:2 - Alcance: 696 personas. La RED de Apoyo a Asentamientos es una propuesta de colaboración y articulación entre las organizaciones.",-25.187334,-57.441799,"Limpio Nuevo Amanecer Nuevo Amanecer","Somos una organizacion o colectivo",,,,,,,,,,,,,,,,,,,,,,,,,,,,,,,,,,,,,,,,,,,,,,,,,,,,,,,,,,,,,"Salud / Higiene","Sociedad Civil",,,,,981256677,,,"Reporte ciudadano",,,"Estoy de acuerdo en que sea publica la informacion proporcionada en el presente formulario",2020-07-31,2020-07-31,"ODS 1: Fin de la pobreza,ODS 17: Alianzas para lograr los objetivos,ODS 10: Redución de las desigualdades,ODS 11: Ciudades y comunidades sostenibles,ODS 2: Hambre cero,ODS 3: Salud y bienestar",,,,,,,,,,,,,,,,,,,,,,,,,,,,,,,,
2347,"Ofrecimientos de ayuda y otras iniciativas ciudadanas",published,"2020-07-28 00:06:48","2020-07-30 16:12:12","2020-07-28 00:06:48",,,,,,,,,,,,,,"RED - TECHO -  Asentamientos Rivereños San Rafael","Puntos de higiene:1 - Alcance: 372 personas. La RED de Apoyo a Asentamientos es una propuesta de colaboración y articulación entre las organizaciones.",-25.184175,-57.542903,"MRA Asentamientos Rivereños San Rafael Asentamientos Rivereños San Rafael","Somos una organizacion o colectivo",,,,,,,,,,,,,,,,,,,,,,,,,,,,,,,,,,,,,,,,,,,,,,,,,,,,,,,,,,,,,"Salud / Higiene","Sociedad Civil",,,,,981256677,,,"Reporte ciudadano",,,"Estoy de acuerdo en que sea publica la informacion proporcionada en el presente formulario",2020-07-31,2020-07-31,"ODS 1: Fin de la pobreza,ODS 3: Salud y bienestar,ODS 10: Redución de las desigualdades,ODS 17: Alianzas para lograr los objetivos,ODS 11: Ciudades y comunidades sostenibles,ODS 2: Hambre cero",,,,,,,,,,,,,,,,,,,,,,,,,,,,,,,,
2348,"Ofrecimientos de ayuda y otras iniciativas ciudadanas",published,"2020-07-28 00:06:48","2020-07-30 16:42:50","2020-07-28 00:06:48",,,,,,,,,,,,,,"RED - TECHO -  Unidos 2","Puntos de higiene:1 - Alcance: 544 personas. La RED de Apoyo a Asentamientos es una propuesta de colaboración y articulación entre las organizaciones.",-25.182102,-57.536799,"MRA Unidos 2 Unidos 2","Somos una organizacion o colectivo",,,,,,,,,,,,,,,,,,,,,,,,,,,,,,,,,,,,,,,,,,,,,,,,,,,,,,,,,,,,,"Salud / Higiene","Sociedad Civil",,,,,981256677,,,"Reporte ciudadano",,,"Estoy de acuerdo en que sea publica la informacion proporcionada en el presente formulario",2020-07-31,2020-07-31,"ODS 1: Fin de la pobreza,ODS 3: Salud y bienestar,ODS 17: Alianzas para lograr los objetivos,ODS 11: Ciudades y comunidades sostenibles,ODS 10: Redución de las desigualdades,ODS 2: Hambre cero",,,,,,,,,,,,,,,,,,,,,,,,,,,,,,,,
2346,"Ofrecimientos de ayuda y otras iniciativas ciudadanas",published,"2020-07-28 00:06:47","2020-07-30 16:59:18","2020-07-28 00:06:47",,,,,,,,,,,,,,"RED - TECHO -  24 de Agosto","Puntos de higiene:3 - Alcance: 1880 personas. La RED de Apoyo a Asentamientos es una propuesta de colaboración y articulación entre las organizaciones.",-25.507667,-57.517272,"VILLETA 24 de Agosto 24 de Agosto","Somos una organizacion o colectivo",,,,,,,,,,,,,,,,,,,,,,,,,,,,,,,,,,,,,,,,,,,,,,,,,,,,,,,,,,,,,"Salud / Higiene","Sociedad Civil",,,,,981256677,,,"Reporte ciudadano",,,"Estoy de acuerdo en que sea publica la informacion proporcionada en el presente formulario",2020-07-31,2020-07-31,"ODS 17: Alianzas para lograr los objetivos,ODS 3: Salud y bienestar,ODS 1: Fin de la pobreza,ODS 10: Redución de las desigualdades,ODS 11: Ciudades y comunidades sostenibles,ODS 2: Hambre cero",,,,,,,,,,,,,,,,,,,,,,,,,,,,,,,,
2344,"Ofrecimientos de ayuda y otras iniciativas ciudadanas",published,"2020-07-28 00:06:46","2020-07-30 17:10:04","2020-07-28 00:06:46",,,,,,,,,,,,,,"RED - TECHO - OLLA POPULAR 4C","Puntos de higiene:1 - Alcance: 148 personas. La RED de Apoyo a Asentamientos es una propuesta de colaboración y articulación entre las organizaciones.",-25.218135,-57.475137,"LUQUE Itapuami 4C","Somos una organizacion o colectivo",,,,,,,,,,,,,,,,,,,,,,,,,,,,,,,,,,,,,,,,,,,,,,,,,,,,,,,,,,,,,"Salud / Higiene","Sociedad Civil",,,,,981256677,,,"Reporte ciudadano",,,"Estoy de acuerdo en que sea publica la informacion proporcionada en el presente formulario",2020-07-30,2020-07-30,"ODS 1: Fin de la pobreza,ODS 2: Hambre cero,ODS 3: Salud y bienestar,ODS 11: Ciudades y comunidades sostenibles,ODS 10: Redución de las desigualdades,ODS 17: Alianzas para lograr los objetivos",,,,,,,,,,,,,,,,,,,,,,,,,,,,,,,,
2345,"Ofrecimientos de ayuda y otras iniciativas ciudadanas",published,"2020-07-28 00:06:46","2020-07-30 18:17:45","2020-07-28 00:06:46",,,,,,,,,,,,,,"RED - TECHO - OLLA POPULAR SOL NACIENTE","Puntos de higiene:2 - Alcance: 400 personas. La RED de Apoyo a Asentamientos es una propuesta de colaboración y articulación entre las organizaciones.",-25.533688,-57.549199,"VILLETA SOL NACIENTE SOL NACIENTE","Somos una organizacion o colectivo",,,,,,,,,,,,,,,,,,,,,,,,,,,,,,,,,,,,,,,,,,,,,,,,,,,,,,,,,,,,,"Salud / Higiene","Sociedad Civil",,,,,981256677,,,"Reporte ciudadano",,,"Estoy de acuerdo en que sea publica la informacion proporcionada en el presente formulario",2020-07-30,2020-07-30,"ODS 1: Fin de la pobreza,ODS 2: Hambre cero,ODS 3: Salud y bienestar,ODS 10: Redución de las desigualdades,ODS 11: Ciudades y comunidades sostenibles,ODS 17: Alianzas para lograr los objetivos",,,,,,,,,,,,,,,,,,,,,,,,,,,,,,,,
2343,"Ofrecimientos de ayuda y otras iniciativas ciudadanas",published,"2020-07-28 00:06:45","2020-07-30 18:20:38","2020-07-28 00:06:45",,,,,,,,,,,,,,"RED - TECHO - OLLA POPULAR Territorio social Nueva Esperanza","Puntos de higiene:1 - Alcance: 128 personas. La RED de Apoyo a Asentamientos es una propuesta de colaboración y articulación entre las organizaciones.",-25.25575,-57.484072,"Luque Territorio social Nueva Esperanza Territorio social Nueva Esperanza","Somos una organizacion o colectivo",,,,,,,,,,,,,,,,,,,,,,,,,,,,,,,,,,,,,,,,,,,,,,,,,,,,,,,,,,,,,"Salud / Higiene","Sociedad Civil",,,,,981256677,,,"Reporte ciudadano",,,"Estoy de acuerdo en que sea publica la informacion proporcionada en el presente formulario",2020-07-30,2020-07-30,"ODS 1: Fin de la pobreza,ODS 2: Hambre cero,ODS 3: Salud y bienestar,ODS 10: Redución de las desigualdades,ODS 11: Ciudades y comunidades sostenibles,ODS 17: Alianzas para lograr los objetivos",,,,,,,,,,,,,,,,,,,,,,,,,,,,,,,,
2341,"Ofrecimientos de ayuda y otras iniciativas ciudadanas",published,"2020-07-28 00:06:44","2020-07-30 18:21:35","2020-07-28 00:06:44",,,,,,,,,,,,,,"RED - TECHO - OLLA POPULAR SAN PEDRO II","Puntos de higiene:3 - Alcance: 560 personas. La RED de Apoyo a Asentamientos es una propuesta de colaboración y articulación entre las organizaciones.",-25.248964,-57.557351,"LUQUE Ykua karanda´y SAN PEDRO II","Somos una organizacion o colectivo",,,,,,,,,,,,,,,,,,,,,,,,,,,,,,,,,,,,,,,,,,,,,,,,,,,,,,,,,,,,,"Salud / Higiene","Sociedad Civil",,,,,981256677,,,"Reporte ciudadano",,,"Estoy de acuerdo en que sea publica la informacion proporcionada en el presente formulario",2020-07-30,2020-07-30,"ODS 1: Fin de la pobreza,ODS 2: Hambre cero,ODS 3: Salud y bienestar,ODS 11: Ciudades y comunidades sostenibles,ODS 10: Redución de las desigualdades,ODS 17: Alianzas para lograr los objetivos",,,,,,,,,,,,,,,,,,,,,,,,,,,,,,,,
2342,"Ofrecimientos de ayuda y otras iniciativas ciudadanas",published,"2020-07-28 00:06:44","2020-07-30 18:22:56","2020-07-28 00:06:44",,,,,,,,,,,,,,"RED - TECHO - OLLA POPULAR 16 de Julio","Puntos de higiene:4 - Alcance: 800 personas. La RED de Apoyo a Asentamientos es una propuesta de colaboración y articulación entre las organizaciones.",-25.217131,-57.4917,"LUQUE Ykua karanda´y 16 de Julio","Somos una organizacion o colectivo",,,,,,,,,,,,,,,,,,,,,,,,,,,,,,,,,,,,,,,,,,,,,,,,,,,,,,,,,,,,,"Salud / Higiene","Sociedad Civil",,,,,981256677,,,"Reporte ciudadano",,,"Estoy de acuerdo en que sea publica la informacion proporcionada en el presente formulario",2020-07-30,2020-07-30,"ODS 1: Fin de la pobreza,ODS 2: Hambre cero,ODS 3: Salud y bienestar,ODS 10: Redución de las desigualdades,ODS 11: Ciudades y comunidades sostenibles,ODS 17: Alianzas para lograr los objetivos",,,,,,,,,,,,,,,,,,,,,,,,,,,,,,,,
2339,"Ofrecimientos de ayuda y otras iniciativas ciudadanas",published,"2020-07-28 00:06:43","2020-08-03 18:17:36","2020-07-28 00:06:43",,,,,,,,,,,,,,"RED - TECHO - OLLA POPULAR San Blas","Puntos de higiene:1 - Alcance: 120 personas. La RED de Apoyo a Asentamientos es una propuesta de colaboración y articulación entre las organizaciones.",-25.261306,-57.477974,"LUQUE Yka´a San Blas","Somos una organizacion o colectivo",,,,,,,,,,,,,,,,,,,,,,,,,,,,,,,,,,,,,,,,,,,,,,,,,,,,,,,,,,,,,"Salud / Higiene","Sociedad Civil",,,,,981256677,,,"Reporte ciudadano",,,"Estoy de acuerdo en que sea publica la informacion proporcionada en el presente formulario",2020-08-03,2020-08-03,"ODS 1: Fin de la pobreza,ODS 2: Hambre cero,ODS 3: Salud y bienestar,ODS 10: Redución de las desigualdades,ODS 11: Ciudades y comunidades sostenibles,ODS 17: Alianzas para lograr los objetivos",,,,,,,,,,,,,,,,,,,,,,,,,,,,,,,,
2340,"Ofrecimientos de ayuda y otras iniciativas ciudadanas",published,"2020-07-28 00:06:43","2020-07-31 15:54:09","2020-07-28 00:06:43",,,,,,,,,,,,,,"RED - TECHO - OLLA POPULAR PAZ DEL CHACO","Puntos de higiene:4 - Alcance: 944 personas. La RED de Apoyo a Asentamientos es una propuesta de colaboración y articulación entre las organizaciones.",-25.25854,-57.539974,"LUQUE Yka´a PAZ DEL CHACO","Somos una organizacion o colectivo",,,,,,,,,,,,,,,,,,,,,,,,,,,,,,,,,,,,,,,,,,,,,,,,,,,,,,,,,,,,,"Salud / Higiene","Sociedad Civil",,,,,981256677,,,"Reporte ciudadano",,,"Estoy de acuerdo en que sea publica la informacion proporcionada en el presente formulario",2020-08-01,2020-08-01,"ODS 1: Fin de la pobreza,ODS 2: Hambre cero,ODS 3: Salud y bienestar,ODS 11: Ciudades y comunidades sostenibles,ODS 17: Alianzas para lograr los objetivos,ODS 10: Redución de las desigualdades",,,,,,,,,,,,,,,,,,,,,,,,,,,,,,,,
2338,"Ofrecimientos de ayuda y otras iniciativas ciudadanas",published,"2020-07-28 00:06:42","2020-08-03 18:18:14","2020-07-28 00:06:42",,,,,,,,,,,,,,"RED - TECHO - OLLA POPULAR 1RO DE JULIO","Puntos de higiene:4 - Alcance: 1600 personas. La RED de Apoyo a Asentamientos es una propuesta de colaboración y articulación entre las organizaciones.",-25.237861,-57.436966,"LUQUE Tarumandy 1RO DE JULIO","Somos una organizacion o colectivo",,,,,,,,,,,,,,,,,,,,,,,,,,,,,,,,,,,,,,,,,,,,,,,,,,,,,,,,,,,,,"Salud / Higiene","Sociedad Civil",,,,,981256677,,,"Reporte ciudadano",,,"Estoy de acuerdo en que sea publica la informacion proporcionada en el presente formulario",2020-07-31,2020-07-31,"ODS 1: Fin de la pobreza,ODS 3: Salud y bienestar,ODS 10: Redución de las desigualdades,ODS 11: Ciudades y comunidades sostenibles,ODS 17: Alianzas para lograr los objetivos,ODS 2: Hambre cero",,,,,,,,,,,,,,,,,,,,,,,,,,,,,,,,
2336,"Ofrecimientos de ayuda y otras iniciativas ciudadanas",published,"2020-07-28 00:06:41","2020-07-31 15:55:40","2020-07-28 00:06:41",,,,,,,,,,,,,,"RED - TECHO - OLLA POPULAR TARUMA POTY","Puntos de higiene:3 - Alcance: 600 personas. La RED de Apoyo a Asentamientos es una propuesta de colaboración y articulación entre las organizaciones.",-25.22006,-57.420329,"LUQUE Tarumandy TARUMA POTY","Somos una organizacion o colectivo",,,,,,,,,,,,,,,,,,,,,,,,,,,,,,,,,,,,,,,,,,,,,,,,,,,,,,,,,,,,,"Salud / Higiene","Sociedad Civil",,,,,981256677,,,"Reporte ciudadano",,,"Estoy de acuerdo en que sea publica la informacion proporcionada en el presente formulario",2020-07-31,2020-07-31,"ODS 3: Salud y bienestar,ODS 1: Fin de la pobreza,ODS 2: Hambre cero,ODS 10: Redución de las desigualdades,ODS 11: Ciudades y comunidades sostenibles,ODS 17: Alianzas para lograr los objetivos",,,,,,,,,,,,,,,,,,,,,,,,,,,,,,,,
2337,"Ofrecimientos de ayuda y otras iniciativas ciudadanas",published,"2020-07-28 00:06:41","2020-07-31 15:56:14","2020-07-28 00:06:41",,,,,,,,,,,,,,"RED - TECHO - OLLA POPULAR 8de Diciembre/Nueva Asuncion","Puntos de higiene:3 - Alcance: 720 personas. La RED de Apoyo a Asentamientos es una propuesta de colaboración y articulación entre las organizaciones.",-25.229207,-57.396525,"LUQUE Tarumandy 8de Diciembre/Nueva Asuncion","Somos una organizacion o colectivo",,,,,,,,,,,,,,,,,,,,,,,,,,,,,,,,,,,,,,,,,,,,,,,,,,,,,,,,,,,,,"Salud / Higiene","Sociedad Civil",,,,,981256677,,,"Reporte ciudadano",,,"Estoy de acuerdo en que sea publica la informacion proporcionada en el presente formulario",2020-07-31,2020-07-31,"ODS 1: Fin de la pobreza,ODS 2: Hambre cero,ODS 3: Salud y bienestar,ODS 10: Redución de las desigualdades,ODS 11: Ciudades y comunidades sostenibles,ODS 17: Alianzas para lograr los objetivos",,,,,,,,,,,,,,,,,,,,,,,,,,,,,,,,
2335,"Ofrecimientos de ayuda y otras iniciativas ciudadanas",published,"2020-07-28 00:06:40","2020-07-28 00:10:08","2020-07-28 00:06:40",,,,,,,,,,,,,,"RED - TECHO - OLLA POPULAR INDEPENDENCIA II","Puntos de higiene:2 - Alcance: 520 personas. La RED de Apoyo a Asentamientos es una propuesta de colaboración y articulación entre las organizaciones.",-25.236,-57.420367,"LUQUE Tarumandy INDEPENDENCIA II","Somos una organizacion o colectivo",,,,,,,,,,,,,,,,,,,,,,,,,,,,,,,,,,,,,,,,,,,,,,,,,,,,,,,,,,,,,"Salud / Higiene","Sociedad Civil",,,,,981256677,,,,,,"Estoy de acuerdo en que sea publica la informacion proporcionada en el presente formulario",,,,,,,,,,,,,,,,,,,,,,,,,,,,,,,,,,,
2333,"Ofrecimientos de ayuda y otras iniciativas ciudadanas",published,"2020-07-28 00:06:39","2020-08-03 18:20:49","2020-07-28 00:06:39",,,,,,,,,,,,,,"RED - TECHO -  TARUMANDY-MI","Puntos de higiene:1 - Alcance: 140 personas. La RED de Apoyo a Asentamientos es una propuesta de colaboración y articulación entre las organizaciones.",-25.218083,-57.416883,"LUQUE Tarumandy TARUMANDY-MI","Somos una organizacion o colectivo",,,,,,,,,,,,,,,,,,,,,,,,,,,,,,,,,,,,,,,,,,,,,,,,,,,,,,,,,,,,,"Salud / Higiene","Sociedad Civil",,,,,981256677,,,"Reporte ciudadano",,,"Estoy de acuerdo en que sea publica la informacion proporcionada en el presente formulario",2020-08-03,2020-08-03,"ODS 1: Fin de la pobreza,ODS 2: Hambre cero,ODS 3: Salud y bienestar,ODS 17: Alianzas para lograr los objetivos,ODS 10: Redución de las desigualdades,ODS 11: Ciudades y comunidades sostenibles",,,,,,,,,,,,,,,,,,,,,,,,,,,,,,,,
2334,"Ofrecimientos de ayuda y otras iniciativas ciudadanas",published,"2020-07-28 00:06:39","2020-08-03 18:21:57","2020-07-28 00:06:39",,,,,,,,,,,,,,"RED - TECHO -  INDEPENDENCIA 1","Puntos de higiene:1 - Alcance: 284 personas. La RED de Apoyo a Asentamientos es una propuesta de colaboración y articulación entre las organizaciones.",-25.233367,-57.490186,"LUQUE Tarumandy INDEPENDENCIA 1","Somos una organizacion o colectivo",,,,,,,,,,,,,,,,,,,,,,,,,,,,,,,,,,,,,,,,,,,,,,,,,,,,,,,,,,,,,"Salud / Higiene","Sociedad Civil",,,,,981256677,,,"Reporte ciudadano",,,"Estoy de acuerdo en que sea publica la informacion proporcionada en el presente formulario",2020-08-03,2020-08-03,"ODS 1: Fin de la pobreza,ODS 2: Hambre cero,ODS 10: Redución de las desigualdades,ODS 11: Ciudades y comunidades sostenibles,ODS 17: Alianzas para lograr los objetivos",,,,,,,,,,,,,,,,,,,,,,,,,,,,,,,,
2331,"Ofrecimientos de ayuda y otras iniciativas ciudadanas",published,"2020-07-28 00:06:38","2020-08-03 18:22:33","2020-07-28 00:06:38",,,,,,,,,,,,,,"RED - TECHO - OLLA POPULAR Cerro Cora","Puntos de higiene:4 - Alcance: 816 personas. La RED de Apoyo a Asentamientos es una propuesta de colaboración y articulación entre las organizaciones.",-25.226639,-57.473717,"LUQUE Mora Cue Cerro Cora","Somos una organizacion o colectivo",,,,,,,,,,,,,,,,,,,,,,,,,,,,,,,,,,,,,,,,,,,,,,,,,,,,,,,,,,,,,"Salud / Higiene","Sociedad Civil",,,,,981256677,,,"Reporte ciudadano",,,"Estoy de acuerdo en que sea publica la informacion proporcionada en el presente formulario",2020-08-03,2020-08-03,"ODS 1: Fin de la pobreza,ODS 2: Hambre cero,ODS 3: Salud y bienestar,ODS 10: Redución de las desigualdades,ODS 11: Ciudades y comunidades sostenibles,ODS 17: Alianzas para lograr los objetivos",,,,,,,,,,,,,,,,,,,,,,,,,,,,,,,,
2332,"Ofrecimientos de ayuda y otras iniciativas ciudadanas",published,"2020-07-28 00:06:38","2020-08-03 18:23:28","2020-07-28 00:06:38",,,,,,,,,,,,,,"RED - TECHO -  Yva Povondy","Puntos de higiene:1 - Alcance: 72 personas. La RED de Apoyo a Asentamientos es una propuesta de colaboración y articulación entre las organizaciones.",-25.208383,-57.419952,"LUQUE Tarumandy Yva Povondy","Somos una organizacion o colectivo",,,,,,,,,,,,,,,,,,,,,,,,,,,,,,,,,,,,,,,,,,,,,,,,,,,,,,,,,,,,,"Salud / Higiene","Sociedad Civil",,,,,981256677,,,"Reporte ciudadano",,,"Estoy de acuerdo en que sea publica la informacion proporcionada en el presente formulario",2020-08-03,2020-08-03,"ODS 1: Fin de la pobreza,ODS 2: Hambre cero,ODS 3: Salud y bienestar,ODS 10: Redución de las desigualdades,ODS 11: Ciudades y comunidades sostenibles,ODS 17: Alianzas para lograr los objetivos",,,,,,,,,,,,,,,,,,,,,,,,,,,,,,,,
2329,"Ofrecimientos de ayuda y otras iniciativas ciudadanas",published,"2020-07-28 00:06:37","2020-08-03 18:29:45","2020-07-28 00:06:37",,,,,,,,,,,,,,"RED - TECHO - OLLA POPULAR VIRGEN DE CAACUPE","Puntos de higiene:4 - Alcance: 1000 personas. La RED de Apoyo a Asentamientos es una propuesta de colaboración y articulación entre las organizaciones.",-25.291139,-57.452022,"LUQUE Marambure VIRGEN DE CAACUPE","Somos una organizacion o colectivo",,,,,,,,,,,,,,,,,,,,,,,,,,,,,,,,,,,,,,,,,,,,,,,,,,,,,,,,,,,,,"Salud / Higiene","Sociedad Civil",,,,,981256677,,,"Reporte ciudadano",,,"Estoy de acuerdo en que sea publica la informacion proporcionada en el presente formulario",2020-08-03,2020-08-03,"ODS 17: Alianzas para lograr los objetivos,ODS 1: Fin de la pobreza,ODS 2: Hambre cero,ODS 3: Salud y bienestar,ODS 10: Redución de las desigualdades",,,,,,,,,,,,,,,,,,,,,,,,,,,,,,,,
2330,"Ofrecimientos de ayuda y otras iniciativas ciudadanas",published,"2020-07-28 00:06:37","2020-08-03 18:30:20","2020-07-28 00:06:37",,,,,,,,,,,,,,"RED - TECHO -  MARIA AUXILIADORA","Puntos de higiene:1 - Alcance: 132 personas. La RED de Apoyo a Asentamientos es una propuesta de colaboración y articulación entre las organizaciones.",-25.242472,-57.456911,"LUQUE Marin Ka´aguy MARIA AUXILIADORA","Somos una organizacion o colectivo",,,,,,,,,,,,,,,,,,,,,,,,,,,,,,,,,,,,,,,,,,,,,,,,,,,,,,,,,,,,,"Salud / Higiene","Sociedad Civil",,,,,981256677,,,"Reporte ciudadano",,,"Estoy de acuerdo en que sea publica la informacion proporcionada en el presente formulario",2020-08-03,2020-08-03,"ODS 2: Hambre cero,ODS 1: Fin de la pobreza,ODS 3: Salud y bienestar,ODS 10: Redución de las desigualdades,ODS 17: Alianzas para lograr los objetivos,ODS 11: Ciudades y comunidades sostenibles",,,,,,,,,,,,,,,,,,,,,,,,,,,,,,,,
2328,"Ofrecimientos de ayuda y otras iniciativas ciudadanas",published,"2020-07-28 00:06:36","2020-08-03 18:31:27","2020-07-28 00:06:36",,,,,,,,,,,,,,"RED - TECHO -  Asentamiento Cable guy","Puntos de higiene:2 - Alcance: 2000 personas. La RED de Apoyo a Asentamientos es una propuesta de colaboración y articulación entre las organizaciones.",-25.298583,-57.478137,"LUQUE makai Asentamiento Cable guy","Somos una organizacion o colectivo",,,,,,,,,,,,,,,,,,,,,,,,,,,,,,,,,,,,,,,,,,,,,,,,,,,,,,,,,,,,,"Salud / Higiene","Sociedad Civil",,,,,981256677,,,"Reporte ciudadano",,,"Estoy de acuerdo en que sea publica la informacion proporcionada en el presente formulario",2020-08-03,2020-08-03,"ODS 1: Fin de la pobreza,ODS 2: Hambre cero,ODS 3: Salud y bienestar,ODS 10: Redución de las desigualdades,ODS 11: Ciudades y comunidades sostenibles,ODS 17: Alianzas para lograr los objetivos",,,,,,,,,,,,,,,,,,,,,,,,,,,,,,,,
2326,"Ofrecimientos de ayuda y otras iniciativas ciudadanas",published,"2020-07-28 00:06:35","2020-08-03 18:30:52","2020-07-28 00:06:35",,,,,,,,,,,,,,"RED - TECHO -  12DE Octubre","Puntos de higiene:2 - Alcance: 480 personas. La RED de Apoyo a Asentamientos es una propuesta de colaboración y articulación entre las organizaciones.",-25.224722,-57.451411,"LUQUE Itapuami 12DE Octubre","Somos una organizacion o colectivo",,,,,,,,,,,,,,,,,,,,,,,,,,,,,,,,,,,,,,,,,,,,,,,,,,,,,,,,,,,,,"Salud / Higiene","Sociedad Civil",,,,,981256677,,,"Reporte ciudadano",,,"Estoy de acuerdo en que sea publica la informacion proporcionada en el presente formulario",2020-08-03,2020-08-03,"ODS 1: Fin de la pobreza,ODS 3: Salud y bienestar,ODS 2: Hambre cero,ODS 10: Redución de las desigualdades,ODS 11: Ciudades y comunidades sostenibles,ODS 17: Alianzas para lograr los objetivos",,,,,,,,,,,,,,,,,,,,,,,,,,,,,,,,
2327,"Ofrecimientos de ayuda y otras iniciativas ciudadanas",published,"2020-07-28 00:06:35","2020-08-03 18:37:53","2020-07-28 00:06:35",,,,,,,,,,,,,,"RED - TECHO - OLLA POPULAR 2 de Noviembre","Puntos de higiene:3 - Alcance: 776 personas. La RED de Apoyo a Asentamientos es una propuesta de colaboración y articulación entre las organizaciones.",-25.22181,-57.465376,"LUQUE Itapuami 2 de Noviembre","Somos una organizacion o colectivo",,,,,,,,,,,,,,,,,,,,,,,,,,,,,,,,,,,,,,,,,,,,,,,,,,,,,,,,,,,,,"Salud / Higiene","Sociedad Civil",,,,,981256677,,,"Reporte ciudadano",,,"Estoy de acuerdo en que sea publica la informacion proporcionada en el presente formulario",2020-08-03,2020-08-03,"ODS 1: Fin de la pobreza,ODS 2: Hambre cero,ODS 3: Salud y bienestar,ODS 10: Redución de las desigualdades,ODS 11: Ciudades y comunidades sostenibles,ODS 17: Alianzas para lograr los objetivos",,,,,,,,,,,,,,,,,,,,,,,,,,,,,,,,
2324,"Ofrecimientos de ayuda y otras iniciativas ciudadanas",published,"2020-07-28 00:06:34","2020-08-03 18:38:27","2020-07-28 00:06:34",,,,,,,,,,,,,,"RED - TECHO - OLLA POPULAR DIVINO NIÑO JESUS","Puntos de higiene:3 - Alcance: 424 personas. La RED de Apoyo a Asentamientos es una propuesta de colaboración y articulación entre las organizaciones.",-25.224028,-57.467994,"LUQUE Itapuami DIVINO NIÑO JESUS","Somos una organizacion o colectivo",,,,,,,,,,,,,,,,,,,,,,,,,,,,,,,,,,,,,,,,,,,,,,,,,,,,,,,,,,,,,"Salud / Higiene","Sociedad Civil",,,,,981256677,,,"Reporte ciudadano",,,"Estoy de acuerdo en que sea publica la informacion proporcionada en el presente formulario",2020-08-03,2020-08-03,"ODS 17: Alianzas para lograr los objetivos,ODS 11: Ciudades y comunidades sostenibles,ODS 10: Redución de las desigualdades,ODS 1: Fin de la pobreza,ODS 2: Hambre cero,ODS 3: Salud y bienestar",,,,,,,,,,,,,,,,,,,,,,,,,,,,,,,,
2325,"Ofrecimientos de ayuda y otras iniciativas ciudadanas",published,"2020-07-28 00:06:34","2020-08-03 18:40:02","2020-07-28 00:06:34",,,,,,,,,,,,,,"RED - TECHO - OLLA POPULAR LA PIEDAD","Puntos de higiene:3 - Alcance: 456 personas. La RED de Apoyo a Asentamientos es una propuesta de colaboración y articulación entre las organizaciones.",-25.233139,-57.462835,"LUQUE Itapuami LA PIEDAD","Somos una organizacion o colectivo",,,,,,,,,,,,,,,,,,,,,,,,,,,,,,,,,,,,,,,,,,,,,,,,,,,,,,,,,,,,,"Salud / Higiene","Sociedad Civil",,,,,981256677,,,"Reporte ciudadano",,,"Estoy de acuerdo en que sea publica la informacion proporcionada en el presente formulario",2020-08-03,2020-08-03,"ODS 1: Fin de la pobreza,ODS 2: Hambre cero,ODS 3: Salud y bienestar,ODS 10: Redución de las desigualdades,ODS 11: Ciudades y comunidades sostenibles,ODS 17: Alianzas para lograr los objetivos",,,,,,,,,,,,,,,,,,,,,,,,,,,,,,,,
2322,"Ofrecimientos de ayuda y otras iniciativas ciudadanas",published,"2020-07-28 00:06:33","2020-08-03 18:40:37","2020-07-28 00:06:33",,,,,,,,,,,,,,"RED - TECHO - OLLA POPULAR NUEVO HORIZONTE","Puntos de higiene:1 - Alcance: 120 personas. La RED de Apoyo a Asentamientos es una propuesta de colaboración y articulación entre las organizaciones.",-25.224852,-57.46971,"LUQUE Itapuami NUEVO HORIZONTE","Somos una organizacion o colectivo",,,,,,,,,,,,,,,,,,,,,,,,,,,,,,,,,,,,,,,,,,,,,,,,,,,,,,,,,,,,,"Salud / Higiene","Sociedad Civil",,,,,981256677,,,"Reporte ciudadano",,,"Estoy de acuerdo en que sea publica la informacion proporcionada en el presente formulario",2020-08-03,2020-08-03,"ODS 1: Fin de la pobreza,ODS 3: Salud y bienestar,ODS 10: Redución de las desigualdades,ODS 11: Ciudades y comunidades sostenibles,ODS 17: Alianzas para lograr los objetivos",,,,,,,,,,,,,,,,,,,,,,,,,,,,,,,,
2323,"Ofrecimientos de ayuda y otras iniciativas ciudadanas",published,"2020-07-28 00:06:33","2020-08-03 18:41:49","2020-07-28 00:06:33",,,,,,,,,,,,,,"RED - TECHO - OLLA POPULAR SAN MARTIN","Puntos de higiene:1 - Alcance: 228 personas. La RED de Apoyo a Asentamientos es una propuesta de colaboración y articulación entre las organizaciones.",-25.208556,-57.449359,"LUQUE Itapuami SAN MARTIN","Somos una organizacion o colectivo",,,,,,,,,,,,,,,,,,,,,,,,,,,,,,,,,,,,,,,,,,,,,,,,,,,,,,,,,,,,,"Salud / Higiene","Sociedad Civil",,,,,981256677,,,"Reporte ciudadano",,,"Estoy de acuerdo en que sea publica la informacion proporcionada en el presente formulario",2020-08-03,2020-08-03,"ODS 1: Fin de la pobreza,ODS 2: Hambre cero,ODS 3: Salud y bienestar,ODS 10: Redución de las desigualdades,ODS 11: Ciudades y comunidades sostenibles,ODS 17: Alianzas para lograr los objetivos",,,,,,,,,,,,,,,,,,,,,,,,,,,,,,,,
2319,"Ofrecimientos de ayuda y otras iniciativas ciudadanas",published,"2020-07-28 00:06:32","2020-08-03 18:42:58","2020-07-28 00:06:32",,,,,,,,,,,,,,"RED - TECHO - OLLA POPULAR San Jorge","Puntos de higiene:2 - Alcance: 352 personas. La RED de Apoyo a Asentamientos es una propuesta de colaboración y articulación entre las organizaciones.",-25.313928,-57.480529,"LUQUE Isla Bogado San Jorge","Somos una organizacion o colectivo",,,,,,,,,,,,,,,,,,,,,,,,,,,,,,,,,,,,,,,,,,,,,,,,,,,,,,,,,,,,,"Salud / Higiene","Sociedad Civil",,,,,981256677,,,"Reporte ciudadano",,,"Estoy de acuerdo en que sea publica la informacion proporcionada en el presente formulario",2020-08-03,2020-08-03,"ODS 1: Fin de la pobreza,ODS 2: Hambre cero,ODS 3: Salud y bienestar,ODS 10: Redución de las desigualdades,ODS 11: Ciudades y comunidades sostenibles,ODS 17: Alianzas para lograr los objetivos",,,,,,,,,,,,,,,,,,,,,,,,,,,,,,,,
2320,"Ofrecimientos de ayuda y otras iniciativas ciudadanas",published,"2020-07-28 00:06:32","2020-08-03 18:43:22","2020-07-28 00:06:32",,,,,,,,,,,,,,"RED - TECHO - OLLA POPULAR Asentamiento Renacer","Puntos de higiene:1 - Alcance: 148 personas. La RED de Apoyo a Asentamientos es una propuesta de colaboración y articulación entre las organizaciones.",-25.311517,-57.495738,"Luque isla bogado tercera compañía Asentamiento Renacer","Somos una organizacion o colectivo",,,,,,,,,,,,,,,,,,,,,,,,,,,,,,,,,,,,,,,,,,,,,,,,,,,,,,,,,,,,,"Salud / Higiene","Sociedad Civil",,,,,981256677,,,"Reporte ciudadano",,,"Estoy de acuerdo en que sea publica la informacion proporcionada en el presente formulario",2020-08-03,2020-08-03,"ODS 1: Fin de la pobreza,ODS 2: Hambre cero,ODS 3: Salud y bienestar,ODS 10: Redución de las desigualdades,ODS 11: Ciudades y comunidades sostenibles,ODS 17: Alianzas para lograr los objetivos",,,,,,,,,,,,,,,,,,,,,,,,,,,,,,,,
2321,"Ofrecimientos de ayuda y otras iniciativas ciudadanas",published,"2020-07-28 00:06:32","2020-08-03 18:44:02","2020-07-28 00:06:32",,,,,,,,,,,,,,"RED - TECHO - OLLA POPULAR SANTA CATALINA","Puntos de higiene:1 - Alcance: 104 personas. La RED de Apoyo a Asentamientos es una propuesta de colaboración y articulación entre las organizaciones.",-25.221825,-57.469172,"LUQUE Itapuami SANTA CATALINA","Somos una organizacion o colectivo",,,,,,,,,,,,,,,,,,,,,,,,,,,,,,,,,,,,,,,,,,,,,,,,,,,,,,,,,,,,,"Salud / Higiene","Sociedad Civil",,,,,981256677,,,"Reporte ciudadano",,,"Estoy de acuerdo en que sea publica la informacion proporcionada en el presente formulario",2020-08-03,2020-08-03,"ODS 1: Fin de la pobreza,ODS 2: Hambre cero,ODS 3: Salud y bienestar,ODS 10: Redución de las desigualdades,ODS 11: Ciudades y comunidades sostenibles,ODS 17: Alianzas para lograr los objetivos",,,,,,,,,,,,,,,,,,,,,,,,,,,,,,,,
2317,"Ofrecimientos de ayuda y otras iniciativas ciudadanas",published,"2020-07-28 00:06:31","2020-08-03 18:44:33","2020-07-28 00:06:31",,,,,,,,,,,,,,"RED - TECHO - OLLA POPULAR Territorio Social Por una Sonrisa","Puntos de higiene:2 - Alcance: 340 personas. La RED de Apoyo a Asentamientos es una propuesta de colaboración y articulación entre las organizaciones.",-25.288434,-57.495251,"Luque Isla Bogado Territorio Social Por una Sonrisa","Somos una organizacion o colectivo",,,,,,,,,,,,,,,,,,,,,,,,,,,,,,,,,,,,,,,,,,,,,,,,,,,,,,,,,,,,,"Salud / Higiene","Sociedad Civil",,,,,981256677,,,"Reporte ciudadano",,,"Estoy de acuerdo en que sea publica la informacion proporcionada en el presente formulario",2020-08-03,2020-08-03,"ODS 1: Fin de la pobreza,ODS 2: Hambre cero,ODS 3: Salud y bienestar,ODS 10: Redución de las desigualdades,ODS 11: Ciudades y comunidades sostenibles,ODS 17: Alianzas para lograr los objetivos",,,,,,,,,,,,,,,,,,,,,,,,,,,,,,,,
2318,"Ofrecimientos de ayuda y otras iniciativas ciudadanas",published,"2020-07-28 00:06:31","2020-08-03 18:45:10","2020-07-28 00:06:31",,,,,,,,,,,,,,"RED - TECHO - OLLA POPULAR 24 de Octubre","Puntos de higiene:4 - Alcance: 840 personas. La RED de Apoyo a Asentamientos es una propuesta de colaboración y articulación entre las organizaciones.",-25.310968,-57.561963,"LUQUE Isla Bogado 24 de Octubre","Somos una organizacion o colectivo",,,,,,,,,,,,,,,,,,,,,,,,,,,,,,,,,,,,,,,,,,,,,,,,,,,,,,,,,,,,,"Salud / Higiene","Sociedad Civil",,,,,981256677,,,"Reporte ciudadano",,,"Estoy de acuerdo en que sea publica la informacion proporcionada en el presente formulario",2020-08-03,2020-08-03,"ODS 1: Fin de la pobreza,ODS 2: Hambre cero,ODS 3: Salud y bienestar,ODS 10: Redución de las desigualdades,ODS 11: Ciudades y comunidades sostenibles,ODS 17: Alianzas para lograr los objetivos",,,,,,,,,,,,,,,,,,,,,,,,,,,,,,,,
2315,"Ofrecimientos de ayuda y otras iniciativas ciudadanas",published,"2020-07-28 00:06:30","2020-07-28 00:10:08","2020-07-28 00:06:30",,,,,,,,,,,,,,"RED - TECHO -  9 de mayo","Puntos de higiene:1 - Alcance: 180 personas. La RED de Apoyo a Asentamientos es una propuesta de colaboración y articulación entre las organizaciones.",-25.302278,-57.459133,"Luque Costa Sosa 9 de mayo","Somos una organizacion o colectivo",,,,,,,,,,,,,,,,,,,,,,,,,,,,,,,,,,,,,,,,,,,,,,,,,,,,,,,,,,,,,"Salud / Higiene","Sociedad Civil",,,,,981256677,,,,,,"Estoy de acuerdo en que sea publica la informacion proporcionada en el presente formulario",,,,,,,,,,,,,,,,,,,,,,,,,,,,,,,,,,,
2316,"Ofrecimientos de ayuda y otras iniciativas ciudadanas",published,"2020-07-28 00:06:30","2020-07-28 00:10:09","2020-07-28 00:06:30",,,,,,,,,,,,,,"RED - TECHO - OLLA POPULAR PORVENIR SANTA CATALINA - IB","Puntos de higiene:1 - Alcance: 116 personas. La RED de Apoyo a Asentamientos es una propuesta de colaboración y articulación entre las organizaciones.",-25.311476,-57.496173,"LUQUE Isla Bogado PORVENIR SANTA CATALINA IB","Somos una organizacion o colectivo",,,,,,,,,,,,,,,,,,,,,,,,,,,,,,,,,,,,,,,,,,,,,,,,,,,,,,,,,,,,,"Salud / Higiene","Sociedad Civil",,,,,981256677,,,,,,"Estoy de acuerdo en que sea publica la informacion proporcionada en el presente formulario",,,,,,,,,,,,,,,,,,,,,,,,,,,,,,,,,,,
2313,"Ofrecimientos de ayuda y otras iniciativas ciudadanas",published,"2020-07-28 00:06:29","2020-07-28 00:10:09","2020-07-28 00:06:29",,,,,,,,,,,,,,"RED - TECHO - OLLA POPULAR Guillermina dure","Puntos de higiene:3 - Alcance: 760 personas. La RED de Apoyo a Asentamientos es una propuesta de colaboración y articulación entre las organizaciones.",-25.309767,-57.471306,"Luque Cañada San Rafael Guillermina dure","Somos una organizacion o colectivo",,,,,,,,,,,,,,,,,,,,,,,,,,,,,,,,,,,,,,,,,,,,,,,,,,,,,,,,,,,,,"Salud / Higiene","Sociedad Civil",,,,,981256677,,,,,,"Estoy de acuerdo en que sea publica la informacion proporcionada en el presente formulario",,,,,,,,,,,,,,,,,,,,,,,,,,,,,,,,,,,
2314,"Ofrecimientos de ayuda y otras iniciativas ciudadanas",published,"2020-07-28 00:06:29","2020-07-28 00:10:09","2020-07-28 00:06:29",,,,,,,,,,,,,,"RED - TECHO - OLLA POPULAR Juana Maria de Lara","Puntos de higiene:1 - Alcance: 88 personas. La RED de Apoyo a Asentamientos es una propuesta de colaboración y articulación entre las organizaciones.",-25.289306,-57.451022,"LUQUE Costa Sosa Juana Maria de Lara","Somos una organizacion o colectivo",,,,,,,,,,,,,,,,,,,,,,,,,,,,,,,,,,,,,,,,,,,,,,,,,,,,,,,,,,,,,"Salud / Higiene","Sociedad Civil",,,,,981256677,,,,,,"Estoy de acuerdo en que sea publica la informacion proporcionada en el presente formulario",,,,,,,,,,,,,,,,,,,,,,,,,,,,,,,,,,,
2310,"Ofrecimientos de ayuda y otras iniciativas ciudadanas",published,"2020-07-28 00:06:28","2020-07-28 00:10:09","2020-07-28 00:06:28",,,,,,,,,,,,,,"RED - TECHO - OLLA POPULAR Oga Rekavo","Puntos de higiene:1 - Alcance: 160 personas. La RED de Apoyo a Asentamientos es una propuesta de colaboración y articulación entre las organizaciones.",-25.264142,-57.45143,"LUQUE Cañada Garay Oga Rekavo","Somos una organizacion o colectivo",,,,,,,,,,,,,,,,,,,,,,,,,,,,,,,,,,,,,,,,,,,,,,,,,,,,,,,,,,,,,"Salud / Higiene","Sociedad Civil",,,,,981256677,,,,,,"Estoy de acuerdo en que sea publica la informacion proporcionada en el presente formulario",,,,,,,,,,,,,,,,,,,,,,,,,,,,,,,,,,,
2311,"Ofrecimientos de ayuda y otras iniciativas ciudadanas",published,"2020-07-28 00:06:28","2020-07-28 00:10:09","2020-07-28 00:06:28",,,,,,,,,,,,,,"RED - TECHO -  AZUL Y ORO","Puntos de higiene:1 - Alcance: 212 personas. La RED de Apoyo a Asentamientos es una propuesta de colaboración y articulación entre las organizaciones.",-25.274861,-57.431806,"LUQUE Cañada Garay AZUL Y ORO","Somos una organizacion o colectivo",,,,,,,,,,,,,,,,,,,,,,,,,,,,,,,,,,,,,,,,,,,,,,,,,,,,,,,,,,,,,"Salud / Higiene","Sociedad Civil",,,,,981256677,,,,,,"Estoy de acuerdo en que sea publica la informacion proporcionada en el presente formulario",,,,,,,,,,,,,,,,,,,,,,,,,,,,,,,,,,,
2312,"Ofrecimientos de ayuda y otras iniciativas ciudadanas",published,"2020-07-28 00:06:28","2020-07-28 00:10:09","2020-07-28 00:06:28",,,,,,,,,,,,,,"RED - TECHO - OLLA POPULAR ALIANZA UNIDA","Puntos de higiene:3 - Alcance: 588 personas. La RED de Apoyo a Asentamientos es una propuesta de colaboración y articulación entre las organizaciones.",-25.304889,-57.473722,"LUQUE Cañada San Rafael ALIANZA UNIDA","Somos una organizacion o colectivo",,,,,,,,,,,,,,,,,,,,,,,,,,,,,,,,,,,,,,,,,,,,,,,,,,,,,,,,,,,,,"Salud / Higiene","Sociedad Civil",,,,,981256677,,,,,,"Estoy de acuerdo en que sea publica la informacion proporcionada en el presente formulario",,,,,,,,,,,,,,,,,,,,,,,,,,,,,,,,,,,
2308,"Ofrecimientos de ayuda y otras iniciativas ciudadanas",published,"2020-07-28 00:06:27","2020-07-28 00:10:09","2020-07-28 00:06:27",,,,,,,,,,,,,,"RED - TECHO - OLLA POPULAR Saladito","Puntos de higiene:3 - Alcance: 760 personas. La RED de Apoyo a Asentamientos es una propuesta de colaboración y articulación entre las organizaciones.",-25.156788,-57.454074,"LIMPIO Salado Saladito","Somos una organizacion o colectivo",,,,,,,,,,,,,,,,,,,,,,,,,,,,,,,,,,,,,,,,,,,,,,,,,,,,,,,,,,,,,"Salud / Higiene","Sociedad Civil",,,,,981256677,,,,,,"Estoy de acuerdo en que sea publica la informacion proporcionada en el presente formulario",,,,,,,,,,,,,,,,,,,,,,,,,,,,,,,,,,,
2309,"Ofrecimientos de ayuda y otras iniciativas ciudadanas",published,"2020-07-28 00:06:27","2020-07-28 00:10:09","2020-07-28 00:06:27",,,,,,,,,,,,,,"RED - TECHO - OLLA POPULAR CARMEN SOLER","Puntos de higiene:4 - Alcance: 936 personas. La RED de Apoyo a Asentamientos es una propuesta de colaboración y articulación entre las organizaciones.",-25.167398,-57.452697,"LIMPIO Salado CARMEN SOLER","Somos una organizacion o colectivo",,,,,,,,,,,,,,,,,,,,,,,,,,,,,,,,,,,,,,,,,,,,,,,,,,,,,,,,,,,,,"Salud / Higiene","Sociedad Civil",,,,,981256677,,,,,,"Estoy de acuerdo en que sea publica la informacion proporcionada en el presente formulario",,,,,,,,,,,,,,,,,,,,,,,,,,,,,,,,,,,
2306,"Ofrecimientos de ayuda y otras iniciativas ciudadanas",published,"2020-07-28 00:06:26","2020-07-28 00:10:09","2020-07-28 00:06:26",,,,,,,,,,,,,,"RED - TECHO - OLLA POPULAR Divino Niño Jesus 2","Puntos de higiene:3 - Alcance: 548 personas. La RED de Apoyo a Asentamientos es una propuesta de colaboración y articulación entre las organizaciones.",-25.124778,-57.467694,"LIMPIO Rincon del Peñon 15 de Agosto Divino Niño Jesus 2","Somos una organizacion o colectivo",,,,,,,,,,,,,,,,,,,,,,,,,,,,,,,,,,,,,,,,,,,,,,,,,,,,,,,,,,,,,"Salud / Higiene","Sociedad Civil",,,,,981256677,,,,,,"Estoy de acuerdo en que sea publica la informacion proporcionada en el presente formulario",,,,,,,,,,,,,,,,,,,,,,,,,,,,,,,,,,,
2307,"Ofrecimientos de ayuda y otras iniciativas ciudadanas",published,"2020-07-28 00:06:26","2020-07-28 00:10:09","2020-07-28 00:06:26",,,,,,,,,,,,,,"RED - TECHO - OLLA POPULAR EL PEÑON","Puntos de higiene:2 - Alcance: 332 personas. La RED de Apoyo a Asentamientos es una propuesta de colaboración y articulación entre las organizaciones.",-25.156788,-57.454074,"LIMPIO Salado EL PEÑON","Somos una organizacion o colectivo",,,,,,,,,,,,,,,,,,,,,,,,,,,,,,,,,,,,,,,,,,,,,,,,,,,,,,,,,,,,,"Salud / Higiene","Sociedad Civil",,,,,981256677,,,,,,"Estoy de acuerdo en que sea publica la informacion proporcionada en el presente formulario",,,,,,,,,,,,,,,,,,,,,,,,,,,,,,,,,,,
2304,"Ofrecimientos de ayuda y otras iniciativas ciudadanas",published,"2020-07-28 00:06:25","2020-07-28 00:10:09","2020-07-28 00:06:25",,,,,,,,,,,,,,"RED - TECHO - OLLA POPULAR El triunfo","Puntos de higiene:3 - Alcance: 616 personas. La RED de Apoyo a Asentamientos es una propuesta de colaboración y articulación entre las organizaciones.",-25.134111,-57.473667,"LIMPIO Rincon del peñon El triunfo","Somos una organizacion o colectivo",,,,,,,,,,,,,,,,,,,,,,,,,,,,,,,,,,,,,,,,,,,,,,,,,,,,,,,,,,,,,"Salud / Higiene","Sociedad Civil",,,,,981256677,,,,,,"Estoy de acuerdo en que sea publica la informacion proporcionada en el presente formulario",,,,,,,,,,,,,,,,,,,,,,,,,,,,,,,,,,,
2305,"Ofrecimientos de ayuda y otras iniciativas ciudadanas",published,"2020-07-28 00:06:25","2020-07-28 00:10:09","2020-07-28 00:06:25",,,,,,,,,,,,,,"RED - TECHO - OLLA POPULAR MILAGROS I","Puntos de higiene:1 - Alcance: 68 personas. La RED de Apoyo a Asentamientos es una propuesta de colaboración y articulación entre las organizaciones.",-25.127062,-57.460318,"LIMPIO Rincon del Peñon 15 de Agosto MILAGROS I","Somos una organizacion o colectivo",,,,,,,,,,,,,,,,,,,,,,,,,,,,,,,,,,,,,,,,,,,,,,,,,,,,,,,,,,,,,"Salud / Higiene","Sociedad Civil",,,,,981256677,,,,,,"Estoy de acuerdo en que sea publica la informacion proporcionada en el presente formulario",,,,,,,,,,,,,,,,,,,,,,,,,,,,,,,,,,,
2301,"Ofrecimientos de ayuda y otras iniciativas ciudadanas",published,"2020-07-28 00:06:24","2020-07-28 00:10:09","2020-07-28 00:06:24",,,,,,,,,,,,,,"RED - TECHO - OLLA POPULAR Virgen de Schoenstatt","Puntos de higiene:2 - Alcance: 340 personas. La RED de Apoyo a Asentamientos es una propuesta de colaboración y articulación entre las organizaciones.",-25.178421,-57.460288,"LIMPIO Montaña Alta Virgen de Schoenstatt","Somos una organizacion o colectivo",,,,,,,,,,,,,,,,,,,,,,,,,,,,,,,,,,,,,,,,,,,,,,,,,,,,,,,,,,,,,"Salud / Higiene","Sociedad Civil",,,,,981256677,,,,,,"Estoy de acuerdo en que sea publica la informacion proporcionada en el presente formulario",,,,,,,,,,,,,,,,,,,,,,,,,,,,,,,,,,,
2302,"Ofrecimientos de ayuda y otras iniciativas ciudadanas",published,"2020-07-28 00:06:24","2020-07-28 00:10:09","2020-07-28 00:06:24",,,,,,,,,,,,,,"RED - TECHO - OLLA POPULAR Cristo Vive","Puntos de higiene:1 - Alcance: 268 personas. La RED de Apoyo a Asentamientos es una propuesta de colaboración y articulación entre las organizaciones.",-25.176937,-57.459746,"LIMPIO Montaña Alta Cristo Vive","Somos una organizacion o colectivo",,,,,,,,,,,,,,,,,,,,,,,,,,,,,,,,,,,,,,,,,,,,,,,,,,,,,,,,,,,,,"Salud / Higiene","Sociedad Civil",,,,,981256677,,,,,,"Estoy de acuerdo en que sea publica la informacion proporcionada en el presente formulario",,,,,,,,,,,,,,,,,,,,,,,,,,,,,,,,,,,
2303,"Ofrecimientos de ayuda y otras iniciativas ciudadanas",published,"2020-07-28 00:06:24","2020-07-28 00:10:09","2020-07-28 00:06:24",,,,,,,,,,,,,,"RED - TECHO - OLLA POPULAR Caacupemi","Puntos de higiene:1 - Alcance: 184 personas. La RED de Apoyo a Asentamientos es una propuesta de colaboración y articulación entre las organizaciones.",-25.114353,-57.477584,"LIMPIO Piquete Cue Caacupemi","Somos una organizacion o colectivo",,,,,,,,,,,,,,,,,,,,,,,,,,,,,,,,,,,,,,,,,,,,,,,,,,,,,,,,,,,,,"Salud / Higiene","Sociedad Civil",,,,,981256677,,,,,,"Estoy de acuerdo en que sea publica la informacion proporcionada en el presente formulario",,,,,,,,,,,,,,,,,,,,,,,,,,,,,,,,,,,
2298,"Ofrecimientos de ayuda y otras iniciativas ciudadanas",published,"2020-07-28 00:06:23","2020-07-28 00:10:09","2020-07-28 00:06:23",,,,,,,,,,,,,,"RED - TECHO - OLLA POPULAR SANTA ANA","Puntos de higiene:1 - Alcance: 232 personas. La RED de Apoyo a Asentamientos es una propuesta de colaboración y articulación entre las organizaciones.",-25.162292,-57.494917,"LIMPIO Costa Azul/Santa Lucia SANTA ANA","Somos una organizacion o colectivo",,,,,,,,,,,,,,,,,,,,,,,,,,,,,,,,,,,,,,,,,,,,,,,,,,,,,,,,,,,,,"Salud / Higiene","Sociedad Civil",,,,,981256677,,,,,,"Estoy de acuerdo en que sea publica la informacion proporcionada en el presente formulario",,,,,,,,,,,,,,,,,,,,,,,,,,,,,,,,,,,
2299,"Ofrecimientos de ayuda y otras iniciativas ciudadanas",published,"2020-07-28 00:06:23","2020-07-28 00:10:09","2020-07-28 00:06:23",,,,,,,,,,,,,,"RED - TECHO - OLLA POPULAR NUEVO HORIZONTE","Puntos de higiene:1 - Alcance: 236 personas. La RED de Apoyo a Asentamientos es una propuesta de colaboración y articulación entre las organizaciones.",-25.202413,-57.482588,"LIMPIO Isla Aveiro NUEVO HORIZONTE","Somos una organizacion o colectivo",,,,,,,,,,,,,,,,,,,,,,,,,,,,,,,,,,,,,,,,,,,,,,,,,,,,,,,,,,,,,"Salud / Higiene","Sociedad Civil",,,,,981256677,,,,,,"Estoy de acuerdo en que sea publica la informacion proporcionada en el presente formulario",,,,,,,,,,,,,,,,,,,,,,,,,,,,,,,,,,,
2300,"Ofrecimientos de ayuda y otras iniciativas ciudadanas",published,"2020-07-28 00:06:23","2020-07-28 00:10:09","2020-07-28 00:06:23",,,,,,,,,,,,,,"RED - TECHO - OLLA POPULAR Agua Viva","Puntos de higiene:1 - Alcance: 60 personas. La RED de Apoyo a Asentamientos es una propuesta de colaboración y articulación entre las organizaciones.",-25.176102,-57.457123,"LIMPIO Montaña Alta Agua Viva","Somos una organizacion o colectivo",,,,,,,,,,,,,,,,,,,,,,,,,,,,,,,,,,,,,,,,,,,,,,,,,,,,,,,,,,,,,"Salud / Higiene","Sociedad Civil",,,,,981256677,,,,,,"Estoy de acuerdo en que sea publica la informacion proporcionada en el presente formulario",,,,,,,,,,,,,,,,,,,,,,,,,,,,,,,,,,,
2297,"Ofrecimientos de ayuda y otras iniciativas ciudadanas",published,"2020-07-28 00:06:22","2020-07-28 00:10:09","2020-07-28 00:06:22",,,,,,,,,,,,,,"RED - TECHO - OLLA POPULAR SAN FRANCISCO","Puntos de higiene:2 - Alcance: 320 personas. La RED de Apoyo a Asentamientos es una propuesta de colaboración y articulación entre las organizaciones.",-25.164487,-57.496014,"LIMPIO Costa Azul/Santa Lucia SAN FRANCISCO","Somos una organizacion o colectivo",,,,,,,,,,,,,,,,,,,,,,,,,,,,,,,,,,,,,,,,,,,,,,,,,,,,,,,,,,,,,"Salud / Higiene","Sociedad Civil",,,,,981256677,,,,,,"Estoy de acuerdo en que sea publica la informacion proporcionada en el presente formulario",,,,,,,,,,,,,,,,,,,,,,,,,,,,,,,,,,,
2294,"Ofrecimientos de ayuda y otras iniciativas ciudadanas",published,"2020-07-28 00:06:21","2020-07-28 00:10:09","2020-07-28 00:06:21",,,,,,,,,,,,,,"RED - TECHO - OLLA POPULAR La Hermosa","Puntos de higiene:1 - Alcance: 120 personas. La RED de Apoyo a Asentamientos es una propuesta de colaboración y articulación entre las organizaciones.",-25.204944,-57.479361,"LIMPIO Colonia Juan de Salazar La Hermosa","Somos una organizacion o colectivo",,,,,,,,,,,,,,,,,,,,,,,,,,,,,,,,,,,,,,,,,,,,,,,,,,,,,,,,,,,,,"Salud / Higiene","Sociedad Civil",,,,,981256677,,,,,,"Estoy de acuerdo en que sea publica la informacion proporcionada en el presente formulario",,,,,,,,,,,,,,,,,,,,,,,,,,,,,,,,,,,
2295,"Ofrecimientos de ayuda y otras iniciativas ciudadanas",published,"2020-07-28 00:06:21","2020-07-28 00:10:09","2020-07-28 00:06:21",,,,,,,,,,,,,,"RED - TECHO - OLLA POPULAR El Bosque II","Puntos de higiene:3 - Alcance: 400 personas. La RED de Apoyo a Asentamientos es una propuesta de colaboración y articulación entre las organizaciones.",-25.2055,-57.475028,"LIMPIO Colonia Juan de Salazar El Bosque II","Somos una organizacion o colectivo",,,,,,,,,,,,,,,,,,,,,,,,,,,,,,,,,,,,,,,,,,,,,,,,,,,,,,,,,,,,,"Salud / Higiene","Sociedad Civil",,,,,981256677,,,,,,"Estoy de acuerdo en que sea publica la informacion proporcionada en el presente formulario",,,,,,,,,,,,,,,,,,,,,,,,,,,,,,,,,,,
2296,"Ofrecimientos de ayuda y otras iniciativas ciudadanas",published,"2020-07-28 00:06:21","2020-07-28 00:10:09","2020-07-28 00:06:21",,,,,,,,,,,,,,"RED - TECHO - OLLA POPULAR El Bosque I","Puntos de higiene:3 - Alcance: 592 personas. La RED de Apoyo a Asentamientos es una propuesta de colaboración y articulación entre las organizaciones.",-25.204667,-57.476694,"LIMPIO Colonia Juan de Salazar El Bosque I","Somos una organizacion o colectivo",,,,,,,,,,,,,,,,,,,,,,,,,,,,,,,,,,,,,,,,,,,,,,,,,,,,,,,,,,,,,"Salud / Higiene","Sociedad Civil",,,,,981256677,,,,,,"Estoy de acuerdo en que sea publica la informacion proporcionada en el presente formulario",,,,,,,,,,,,,,,,,,,,,,,,,,,,,,,,,,,
2291,"Ofrecimientos de ayuda y otras iniciativas ciudadanas",published,"2020-07-28 00:06:20","2020-07-28 00:10:09","2020-07-28 00:06:20",,,,,,,,,,,,,,"RED - TECHO - OLLA POPULAR ROSA MISTICA","Puntos de higiene:1 - Alcance: 288 personas. La RED de Apoyo a Asentamientos es una propuesta de colaboración y articulación entre las organizaciones.",-25.126632,-57.458436,"LIMPIO Rincon del Peñon 15 de Agosto ROSA MISTICA","Somos una organizacion o colectivo",,,,,,,,,,,,,,,,,,,,,,,,,,,,,,,,,,,,,,,,,,,,,,,,,,,,,,,,,,,,,"Salud / Higiene","Sociedad Civil",,,,,981256677,,,,,,"Estoy de acuerdo en que sea publica la informacion proporcionada en el presente formulario",,,,,,,,,,,,,,,,,,,,,,,,,,,,,,,,,,,
2292,"Ofrecimientos de ayuda y otras iniciativas ciudadanas",published,"2020-07-28 00:06:20","2020-07-28 00:10:09","2020-07-28 00:06:20",,,,,,,,,,,,,,"RED - TECHO - OLLA POPULAR SANTA LIBRADA II","Puntos de higiene:3 - Alcance: 600 personas. La RED de Apoyo a Asentamientos es una propuesta de colaboración y articulación entre las organizaciones.",-25.143028,-57.505355,"LIMPIO Rincon del Peñon Villa Jardin SANTA LIBRADA II","Somos una organizacion o colectivo",,,,,,,,,,,,,,,,,,,,,,,,,,,,,,,,,,,,,,,,,,,,,,,,,,,,,,,,,,,,,"Salud / Higiene","Sociedad Civil",,,,,981256677,,,,,,"Estoy de acuerdo en que sea publica la informacion proporcionada en el presente formulario",,,,,,,,,,,,,,,,,,,,,,,,,,,,,,,,,,,
2293,"Ofrecimientos de ayuda y otras iniciativas ciudadanas",published,"2020-07-28 00:06:20","2020-07-28 00:10:09","2020-07-28 00:06:20",,,,,,,,,,,,,,"RED - TECHO -  Barcelona","Puntos de higiene:3 - Alcance: 600 personas. La RED de Apoyo a Asentamientos es una propuesta de colaboración y articulación entre las organizaciones.",-25.165123,-57.4912,"Limpio Salado Barcelona","Somos una organizacion o colectivo",,,,,,,,,,,,,,,,,,,,,,,,,,,,,,,,,,,,,,,,,,,,,,,,,,,,,,,,,,,,,"Salud / Higiene","Sociedad Civil",,,,,981256677,,,,,,"Estoy de acuerdo en que sea publica la informacion proporcionada en el presente formulario",,,,,,,,,,,,,,,,,,,,,,,,,,,,,,,,,,,
2287,"Ofrecimientos de ayuda y otras iniciativas ciudadanas",published,"2020-07-28 00:06:19","2020-07-28 00:10:09","2020-07-28 00:06:19",,,,,,,,,,,,,,"RED - TECHO - OLLA POPULAR La Victoria","Puntos de higiene:2 - Alcance: 276 personas. La RED de Apoyo a Asentamientos es una propuesta de colaboración y articulación entre las organizaciones.",-25.170263,-57.461554,"LIMPIO Montaña Alta La Victoria","Somos una organizacion o colectivo",,,,,,,,,,,,,,,,,,,,,,,,,,,,,,,,,,,,,,,,,,,,,,,,,,,,,,,,,,,,,"Salud / Higiene","Sociedad Civil",,,,,981256677,,,,,,"Estoy de acuerdo en que sea publica la informacion proporcionada en el presente formulario",,,,,,,,,,,,,,,,,,,,,,,,,,,,,,,,,,,
2288,"Ofrecimientos de ayuda y otras iniciativas ciudadanas",published,"2020-07-28 00:06:19","2020-07-28 00:10:09","2020-07-28 00:06:19",,,,,,,,,,,,,,"RED - TECHO - OLLA POPULAR CANAAN","Puntos de higiene:4 - Alcance: 1000 personas. La RED de Apoyo a Asentamientos es una propuesta de colaboración y articulación entre las organizaciones.",-25.172016,-57.45831,"LIMPIO Montaña Alta CANAAN","Somos una organizacion o colectivo",,,,,,,,,,,,,,,,,,,,,,,,,,,,,,,,,,,,,,,,,,,,,,,,,,,,,,,,,,,,,"Salud / Higiene","Sociedad Civil",,,,,981256677,,,,,,"Estoy de acuerdo en que sea publica la informacion proporcionada en el presente formulario",,,,,,,,,,,,,,,,,,,,,,,,,,,,,,,,,,,
2289,"Ofrecimientos de ayuda y otras iniciativas ciudadanas",published,"2020-07-28 00:06:19","2020-07-28 00:10:09","2020-07-28 00:06:19",,,,,,,,,,,,,,"RED - TECHO - OLLA POPULAR NUEVA ESPERANZA","Puntos de higiene:2 - Alcance: 592 personas. La RED de Apoyo a Asentamientos es una propuesta de colaboración y articulación entre las organizaciones.",-25.12725,-57.466333,"LIMPIO Rincon del Peñon 15 de Agosto NUEVA ESPERANZA","Somos una organizacion o colectivo",,,,,,,,,,,,,,,,,,,,,,,,,,,,,,,,,,,,,,,,,,,,,,,,,,,,,,,,,,,,,"Salud / Higiene","Sociedad Civil",,,,,981256677,,,,,,"Estoy de acuerdo en que sea publica la informacion proporcionada en el presente formulario",,,,,,,,,,,,,,,,,,,,,,,,,,,,,,,,,,,
2290,"Ofrecimientos de ayuda y otras iniciativas ciudadanas",published,"2020-07-28 00:06:19","2020-07-28 00:10:09","2020-07-28 00:06:19",,,,,,,,,,,,,,"RED - TECHO - OLLA POPULAR LIRIO DEL VALLE","Puntos de higiene:4 - Alcance: 800 personas. La RED de Apoyo a Asentamientos es una propuesta de colaboración y articulación entre las organizaciones.",-25.130295,-57.458978,"LIMPIO Rincon del Peñon 15 de Agosto LIRIO DEL VALLE","Somos una organizacion o colectivo",,,,,,,,,,,,,,,,,,,,,,,,,,,,,,,,,,,,,,,,,,,,,,,,,,,,,,,,,,,,,"Salud / Higiene","Sociedad Civil",,,,,981256677,,,,,,"Estoy de acuerdo en que sea publica la informacion proporcionada en el presente formulario",,,,,,,,,,,,,,,,,,,,,,,,,,,,,,,,,,,
2283,"Ofrecimientos de ayuda y otras iniciativas ciudadanas",published,"2020-07-28 00:06:18","2020-07-28 00:10:09","2020-07-28 00:06:18",,,,,,,,,,,,,,"RED - TECHO - OLLA POPULAR Las Mercedes","Puntos de higiene:1 - Alcance: 152 personas. La RED de Apoyo a Asentamientos es una propuesta de colaboración y articulación entre las organizaciones.",-25.193228,-57.455895,"LIMPIO Mbajue Las Mercedes","Somos una organizacion o colectivo",,,,,,,,,,,,,,,,,,,,,,,,,,,,,,,,,,,,,,,,,,,,,,,,,,,,,,,,,,,,,"Salud / Higiene","Sociedad Civil",,,,,981256677,,,,,,"Estoy de acuerdo en que sea publica la informacion proporcionada en el presente formulario",,,,,,,,,,,,,,,,,,,,,,,,,,,,,,,,,,,
2284,"Ofrecimientos de ayuda y otras iniciativas ciudadanas",published,"2020-07-28 00:06:18","2020-07-28 00:10:09","2020-07-28 00:06:18",,,,,,,,,,,,,,"RED - TECHO - OLLA POPULAR 8 de Diciembre","Puntos de higiene:1 - Alcance: 140 personas. La RED de Apoyo a Asentamientos es una propuesta de colaboración y articulación entre las organizaciones.",-25.168165,-57.456375,"LIMPIO Montaña Alta 8 de Diciembre","Somos una organizacion o colectivo",,,,,,,,,,,,,,,,,,,,,,,,,,,,,,,,,,,,,,,,,,,,,,,,,,,,,,,,,,,,,"Salud / Higiene","Sociedad Civil",,,,,981256677,,,,,,"Estoy de acuerdo en que sea publica la informacion proporcionada en el presente formulario",,,,,,,,,,,,,,,,,,,,,,,,,,,,,,,,,,,
2285,"Ofrecimientos de ayuda y otras iniciativas ciudadanas",published,"2020-07-28 00:06:18","2020-07-28 00:10:09","2020-07-28 00:06:18",,,,,,,,,,,,,,"RED - TECHO - OLLA POPULAR Betel Montaña Alta","Puntos de higiene:1 - Alcance: 160 personas. La RED de Apoyo a Asentamientos es una propuesta de colaboración y articulación entre las organizaciones.",-25.170567,-57.460976,"LIMPIO Montaña Alta Betel Montaña Alta","Somos una organizacion o colectivo",,,,,,,,,,,,,,,,,,,,,,,,,,,,,,,,,,,,,,,,,,,,,,,,,,,,,,,,,,,,,"Salud / Higiene","Sociedad Civil",,,,,981256677,,,,,,"Estoy de acuerdo en que sea publica la informacion proporcionada en el presente formulario",,,,,,,,,,,,,,,,,,,,,,,,,,,,,,,,,,,
2286,"Ofrecimientos de ayuda y otras iniciativas ciudadanas",published,"2020-07-28 00:06:18","2020-07-28 00:10:09","2020-07-28 00:06:18",,,,,,,,,,,,,,"RED - TECHO - OLLA POPULAR DIVINO NIÑO JESUS","Puntos de higiene:3 - Alcance: 548 personas. La RED de Apoyo a Asentamientos es una propuesta de colaboración y articulación entre las organizaciones.",-25.124894,-57.468685,"LIMPIO Montaña Alta DIVINO NIÑO JESUS","Somos una organizacion o colectivo",,,,,,,,,,,,,,,,,,,,,,,,,,,,,,,,,,,,,,,,,,,,,,,,,,,,,,,,,,,,,"Salud / Higiene","Sociedad Civil",,,,,981256677,,,,,,"Estoy de acuerdo en que sea publica la informacion proporcionada en el presente formulario",,,,,,,,,,,,,,,,,,,,,,,,,,,,,,,,,,,
2280,"Ofrecimientos de ayuda y otras iniciativas ciudadanas",published,"2020-07-28 00:06:17","2020-07-28 00:10:10","2020-07-28 00:06:17",,,,,,,,,,,,,,"RED - TECHO - OLLA POPULAR JEROVIAHA |","Puntos de higiene:1 - Alcance: 120 personas. La RED de Apoyo a Asentamientos es una propuesta de colaboración y articulación entre las organizaciones.",-25.215851,-57.462936,"LIMPIO Colonia Juan de Salazar JEROVIAHA |","Somos una organizacion o colectivo",,,,,,,,,,,,,,,,,,,,,,,,,,,,,,,,,,,,,,,,,,,,,,,,,,,,,,,,,,,,,"Salud / Higiene","Sociedad Civil",,,,,981256677,,,,,,"Estoy de acuerdo en que sea publica la informacion proporcionada en el presente formulario",,,,,,,,,,,,,,,,,,,,,,,,,,,,,,,,,,,
2281,"Ofrecimientos de ayuda y otras iniciativas ciudadanas",published,"2020-07-28 00:06:17","2020-07-28 00:10:09","2020-07-28 00:06:17",,,,,,,,,,,,,,"RED - TECHO - OLLA POPULAR Ycua Ita","Puntos de higiene:1 - Alcance: 280 personas. La RED de Apoyo a Asentamientos es una propuesta de colaboración y articulación entre las organizaciones.",-25.158121,-57.49284,"LIMPIO Costa Azul/Santa Lucia Ycua Ita","Somos una organizacion o colectivo",,,,,,,,,,,,,,,,,,,,,,,,,,,,,,,,,,,,,,,,,,,,,,,,,,,,,,,,,,,,,"Salud / Higiene","Sociedad Civil",,,,,981256677,,,,,,"Estoy de acuerdo en que sea publica la informacion proporcionada en el presente formulario",,,,,,,,,,,,,,,,,,,,,,,,,,,,,,,,,,,
2282,"Ofrecimientos de ayuda y otras iniciativas ciudadanas",published,"2020-07-28 00:06:17","2020-07-28 00:10:10","2020-07-28 00:06:17",,,,,,,,,,,,,,"RED - TECHO - OLLA POPULAR SAN CAYETANO COSTA AZUL","Puntos de higiene:1 - Alcance: 236 personas. La RED de Apoyo a Asentamientos es una propuesta de colaboración y articulación entre las organizaciones.",-25.160199,-57.495267,"LIMPIO Costa Azul/Santa Lucia SAN CAYETANO COSTA AZUL","Somos una organizacion o colectivo",,,,,,,,,,,,,,,,,,,,,,,,,,,,,,,,,,,,,,,,,,,,,,,,,,,,,,,,,,,,,"Salud / Higiene","Sociedad Civil",,,,,981256677,,,,,,"Estoy de acuerdo en que sea publica la informacion proporcionada en el presente formulario",,,,,,,,,,,,,,,,,,,,,,,,,,,,,,,,,,,
2274,"Ofrecimientos de ayuda y otras iniciativas ciudadanas",published,"2020-07-28 00:06:16","2020-07-28 00:10:10","2020-07-28 00:06:16",,,,,,,,,,,,,,"RED - TECHO - OLLA POPULAR Nueva Esperanza","Puntos de higiene:4 - Alcance: 1148 personas. La RED de Apoyo a Asentamientos es una propuesta de colaboración y articulación entre las organizaciones.",-25.435889,-57.471611,"CAPIATA Cñía 7 Nva Esperanza Nueva Esperanza","Somos una organizacion o colectivo",,,,,,,,,,,,,,,,,,,,,,,,,,,,,,,,,,,,,,,,,,,,,,,,,,,,,,,,,,,,,"Salud / Higiene","Sociedad Civil",,,,,981256677,,,,,,"Estoy de acuerdo en que sea publica la informacion proporcionada en el presente formulario",,,,,,,,,,,,,,,,,,,,,,,,,,,,,,,,,,,
2275,"Ofrecimientos de ayuda y otras iniciativas ciudadanas",published,"2020-07-28 00:06:16","2020-07-28 00:10:10","2020-07-28 00:06:16",,,,,,,,,,,,,,"RED - TECHO - OLLA POPULAR SUEÑO Y ESPERANZA","Puntos de higiene:4 - Alcance: 1192 personas. La RED de Apoyo a Asentamientos es una propuesta de colaboración y articulación entre las organizaciones.",-25.332768,-57.431454,"CAPIATA Cñía 2 Costa Salinas SUEÑO Y ESPERANZA","Somos una organizacion o colectivo",,,,,,,,,,,,,,,,,,,,,,,,,,,,,,,,,,,,,,,,,,,,,,,,,,,,,,,,,,,,,"Salud / Higiene","Sociedad Civil",,,,,981256677,,,,,,"Estoy de acuerdo en que sea publica la informacion proporcionada en el presente formulario",,,,,,,,,,,,,,,,,,,,,,,,,,,,,,,,,,,
2276,"Ofrecimientos de ayuda y otras iniciativas ciudadanas",published,"2020-07-28 00:06:16","2020-07-28 00:10:10","2020-07-28 00:06:16",,,,,,,,,,,,,,"RED - TECHO - OLLA POPULAR Primero de Mayo","Puntos de higiene:1 - Alcance: 80 personas. La RED de Apoyo a Asentamientos es una propuesta de colaboración y articulación entre las organizaciones.",-25.327976,-57.622929,"LAMBARE Primero de Mayo Primero de Mayo","Somos una organizacion o colectivo",,,,,,,,,,,,,,,,,,,,,,,,,,,,,,,,,,,,,,,,,,,,,,,,,,,,,,,,,,,,,"Salud / Higiene","Sociedad Civil",,,,,981256677,,,,,,"Estoy de acuerdo en que sea publica la informacion proporcionada en el presente formulario",,,,,,,,,,,,,,,,,,,,,,,,,,,,,,,,,,,
2277,"Ofrecimientos de ayuda y otras iniciativas ciudadanas",published,"2020-07-28 00:06:16","2020-07-28 00:10:10","2020-07-28 00:06:16",,,,,,,,,,,,,,"RED - TECHO - OLLA POPULAR VILLA ANGELICA","Puntos de higiene:3 - Alcance: 648 personas. La RED de Apoyo a Asentamientos es una propuesta de colaboración y articulación entre las organizaciones.",-25.366272,-57.604193,"LAMBARE VILLA ANGELICA VILLA ANGELICA","Somos una organizacion o colectivo",,,,,,,,,,,,,,,,,,,,,,,,,,,,,,,,,,,,,,,,,,,,,,,,,,,,,,,,,,,,,"Salud / Higiene","Sociedad Civil",,,,,981256677,,,,,,"Estoy de acuerdo en que sea publica la informacion proporcionada en el presente formulario",,,,,,,,,,,,,,,,,,,,,,,,,,,,,,,,,,,
2278,"Ofrecimientos de ayuda y otras iniciativas ciudadanas",published,"2020-07-28 00:06:16","2020-07-28 00:10:10","2020-07-28 00:06:16",,,,,,,,,,,,,,"RED - TECHO -  Arapoty 2","Puntos de higiene:1 - Alcance: 496 personas. La RED de Apoyo a Asentamientos es una propuesta de colaboración y articulación entre las organizaciones.",-25.36072,-57.606027,"LAMBARE Arapoty 2 Arapoty 2","Somos una organizacion o colectivo",,,,,,,,,,,,,,,,,,,,,,,,,,,,,,,,,,,,,,,,,,,,,,,,,,,,,,,,,,,,,"Salud / Higiene","Sociedad Civil",,,,,981256677,,,,,,"Estoy de acuerdo en que sea publica la informacion proporcionada en el presente formulario",,,,,,,,,,,,,,,,,,,,,,,,,,,,,,,,,,,
2279,"Ofrecimientos de ayuda y otras iniciativas ciudadanas",published,"2020-07-28 00:06:16","2020-07-28 00:10:10","2020-07-28 00:06:16",,,,,,,,,,,,,,"RED - TECHO - OLLA POPULAR NUEVA VICTORIA","Puntos de higiene:2 - Alcance: 380 personas. La RED de Apoyo a Asentamientos es una propuesta de colaboración y articulación entre las organizaciones.",-25.156896,-57.445375,"LIMPIO Centro Caacupemi NUEVA VICTORIA","Somos una organizacion o colectivo",,,,,,,,,,,,,,,,,,,,,,,,,,,,,,,,,,,,,,,,,,,,,,,,,,,,,,,,,,,,,"Salud / Higiene","Sociedad Civil",,,,,981256677,,,,,,"Estoy de acuerdo en que sea publica la informacion proporcionada en el presente formulario",,,,,,,,,,,,,,,,,,,,,,,,,,,,,,,,,,,
2268,"Ofrecimientos de ayuda y otras iniciativas ciudadanas",published,"2020-07-28 00:06:15","2020-07-28 00:10:10","2020-07-28 00:06:15",,,,,,,,,,,,,,"RED - TECHO - OLLA POPULAR MEDALLA MILAGROSA","Puntos de higiene:1 - Alcance: 200 personas. La RED de Apoyo a Asentamientos es una propuesta de colaboración y articulación entre las organizaciones.",-25.409111,-57.413402,"CAPIATA Cñía 15 Aldana Cañada MEDALLA MILAGROSA","Somos una organizacion o colectivo",,,,,,,,,,,,,,,,,,,,,,,,,,,,,,,,,,,,,,,,,,,,,,,,,,,,,,,,,,,,,"Salud / Higiene","Sociedad Civil",,,,,981256677,,,,,,"Estoy de acuerdo en que sea publica la informacion proporcionada en el presente formulario",,,,,,,,,,,,,,,,,,,,,,,,,,,,,,,,,,,
2269,"Ofrecimientos de ayuda y otras iniciativas ciudadanas",published,"2020-07-28 00:06:15","2020-07-28 00:10:10","2020-07-28 00:06:15",,,,,,,,,,,,,,"RED - TECHO - OLLA POPULAR SAN MARTIN","Puntos de higiene:1 - Alcance: 204 personas. La RED de Apoyo a Asentamientos es una propuesta de colaboración y articulación entre las organizaciones.",-25.432343,-57.544942,"CAPIATA Cñía 7 San Martín SAN MARTIN","Somos una organizacion o colectivo",,,,,,,,,,,,,,,,,,,,,,,,,,,,,,,,,,,,,,,,,,,,,,,,,,,,,,,,,,,,,"Salud / Higiene","Sociedad Civil",,,,,981256677,,,,,,"Estoy de acuerdo en que sea publica la informacion proporcionada en el presente formulario",,,,,,,,,,,,,,,,,,,,,,,,,,,,,,,,,,,
2270,"Ofrecimientos de ayuda y otras iniciativas ciudadanas",published,"2020-07-28 00:06:15","2020-07-28 00:10:10","2020-07-28 00:06:15",,,,,,,,,,,,,,"RED - TECHO - OLLA POPULAR DIVINO NIÑO","Puntos de higiene:1 - Alcance: 284 personas. La RED de Apoyo a Asentamientos es una propuesta de colaboración y articulación entre las organizaciones.",-25.365575,-57.406333,"CAPIATA Cñía 11 Toledo Cañada DIVINO NIÑO","Somos una organizacion o colectivo",,,,,,,,,,,,,,,,,,,,,,,,,,,,,,,,,,,,,,,,,,,,,,,,,,,,,,,,,,,,,"Salud / Higiene","Sociedad Civil",,,,,981256677,,,,,,"Estoy de acuerdo en que sea publica la informacion proporcionada en el presente formulario",,,,,,,,,,,,,,,,,,,,,,,,,,,,,,,,,,,
2271,"Ofrecimientos de ayuda y otras iniciativas ciudadanas",published,"2020-07-28 00:06:15","2020-07-28 00:10:10","2020-07-28 00:06:15",,,,,,,,,,,,,,"RED - TECHO - OLLA POPULAR 6 de Enero","Puntos de higiene:2 - Alcance: 320 personas. La RED de Apoyo a Asentamientos es una propuesta de colaboración y articulación entre las organizaciones.",-25.364948,-57.414077,"CAPIATA Laurelty 6de Enero","Somos una organizacion o colectivo",,,,,,,,,,,,,,,,,,,,,,,,,,,,,,,,,,,,,,,,,,,,,,,,,,,,,,,,,,,,,"Salud / Higiene","Sociedad Civil",,,,,981256677,,,,,,"Estoy de acuerdo en que sea publica la informacion proporcionada en el presente formulario",,,,,,,,,,,,,,,,,,,,,,,,,,,,,,,,,,,
2272,"Ofrecimientos de ayuda y otras iniciativas ciudadanas",published,"2020-07-28 00:06:15","2020-07-28 00:10:10","2020-07-28 00:06:15",,,,,,,,,,,,,,"RED - TECHO - OLLA POPULAR El Salvador","Puntos de higiene:3 - Alcance: 504 personas. La RED de Apoyo a Asentamientos es una propuesta de colaboración y articulación entre las organizaciones.",-25.431421,-57.472179,"CAPIATA Cñía 7 El Salvador El Salvador","Somos una organizacion o colectivo",,,,,,,,,,,,,,,,,,,,,,,,,,,,,,,,,,,,,,,,,,,,,,,,,,,,,,,,,,,,,"Salud / Higiene","Sociedad Civil",,,,,981256677,,,,,,"Estoy de acuerdo en que sea publica la informacion proporcionada en el presente formulario",,,,,,,,,,,,,,,,,,,,,,,,,,,,,,,,,,,
2273,"Ofrecimientos de ayuda y otras iniciativas ciudadanas",published,"2020-07-28 00:06:15","2020-07-28 00:10:10","2020-07-28 00:06:15",,,,,,,,,,,,,,"RED - TECHO - OLLA POPULAR EL PROGRESO 1 y 2","Puntos de higiene:3 - Alcance: 880 personas. La RED de Apoyo a Asentamientos es una propuesta de colaboración y articulación entre las organizaciones.",-25.430673,-57.468348,"CAPIATA compañía 7 Posta Ybyraro EL PROGRESO 1 y 2","Somos una organizacion o colectivo",,,,,,,,,,,,,,,,,,,,,,,,,,,,,,,,,,,,,,,,,,,,,,,,,,,,,,,,,,,,,"Salud / Higiene","Sociedad Civil",,,,,981256677,,,,,,"Estoy de acuerdo en que sea publica la informacion proporcionada en el presente formulario",,,,,,,,,,,,,,,,,,,,,,,,,,,,,,,,,,,
2261,"Ofrecimientos de ayuda y otras iniciativas ciudadanas",published,"2020-07-28 00:06:14","2020-07-28 00:10:10","2020-07-28 00:06:14",,,,,,,,,,,,,,"RED - TECHO - OLLA POPULAR Renacer 3","Puntos de higiene:3 - Alcance: 700 personas. La RED de Apoyo a Asentamientos es una propuesta de colaboración y articulación entre las organizaciones.",-25.320583,-57.413917,"AREGUA Costa Fleitas Renacer 3","Somos una organizacion o colectivo",,,,,,,,,,,,,,,,,,,,,,,,,,,,,,,,,,,,,,,,,,,,,,,,,,,,,,,,,,,,,"Salud / Higiene","Sociedad Civil",,,,,981256677,,,,,,"Estoy de acuerdo en que sea publica la informacion proporcionada en el presente formulario",,,,,,,,,,,,,,,,,,,,,,,,,,,,,,,,,,,
2262,"Ofrecimientos de ayuda y otras iniciativas ciudadanas",published,"2020-07-28 00:06:14","2020-07-28 00:10:10","2020-07-28 00:06:14",,,,,,,,,,,,,,"RED - TECHO - OLLA POPULAR Ebenezer","Puntos de higiene:1 - Alcance: 240 personas. La RED de Apoyo a Asentamientos es una propuesta de colaboración y articulación entre las organizaciones.",-25.312667,-57.414111,"AREGUA Costa Fleitas Ebenezer","Somos una organizacion o colectivo",,,,,,,,,,,,,,,,,,,,,,,,,,,,,,,,,,,,,,,,,,,,,,,,,,,,,,,,,,,,,"Salud / Higiene","Sociedad Civil",,,,,981256677,,,,,,"Estoy de acuerdo en que sea publica la informacion proporcionada en el presente formulario",,,,,,,,,,,,,,,,,,,,,,,,,,,,,,,,,,,
2263,"Ofrecimientos de ayuda y otras iniciativas ciudadanas",published,"2020-07-28 00:06:14","2020-07-28 00:10:10","2020-07-28 00:06:14",,,,,,,,,,,,,,"RED - TECHO - OLLA POPULAR Arapyahu 1","Puntos de higiene:1 - Alcance: 284 personas. La RED de Apoyo a Asentamientos es una propuesta de colaboración y articulación entre las organizaciones.",-25.292556,-57.404,"AREGUA Isla Valle Arapyahu 1","Somos una organizacion o colectivo",,,,,,,,,,,,,,,,,,,,,,,,,,,,,,,,,,,,,,,,,,,,,,,,,,,,,,,,,,,,,"Salud / Higiene","Sociedad Civil",,,,,981256677,,,,,,"Estoy de acuerdo en que sea publica la informacion proporcionada en el presente formulario",,,,,,,,,,,,,,,,,,,,,,,,,,,,,,,,,,,
2264,"Ofrecimientos de ayuda y otras iniciativas ciudadanas",published,"2020-07-28 00:06:14","2020-07-28 00:10:10","2020-07-28 00:06:14",,,,,,,,,,,,,,"RED - TECHO -  Arapyahu 3","Puntos de higiene:2 - Alcance: 296 personas. La RED de Apoyo a Asentamientos es una propuesta de colaboración y articulación entre las organizaciones.",-25.28975,-57.398056,"AREGUA Isla Valle Arapyahu 3","Somos una organizacion o colectivo",,,,,,,,,,,,,,,,,,,,,,,,,,,,,,,,,,,,,,,,,,,,,,,,,,,,,,,,,,,,,"Salud / Higiene","Sociedad Civil",,,,,981256677,,,,,,"Estoy de acuerdo en que sea publica la informacion proporcionada en el presente formulario",,,,,,,,,,,,,,,,,,,,,,,,,,,,,,,,,,,
2265,"Ofrecimientos de ayuda y otras iniciativas ciudadanas",published,"2020-07-28 00:06:14","2020-07-28 00:10:10","2020-07-28 00:06:14",,,,,,,,,,,,,,"RED - TECHO - OLLA POPULAR Tajy Poty - ex Belén","Puntos de higiene:1 - Alcance: 268 personas. La RED de Apoyo a Asentamientos es una propuesta de colaboración y articulación entre las organizaciones.",-25.296306,-57.409806,"AREGUA San Miguel Tajy Poty ex Belén","Somos una organizacion o colectivo",,,,,,,,,,,,,,,,,,,,,,,,,,,,,,,,,,,,,,,,,,,,,,,,,,,,,,,,,,,,,"Salud / Higiene","Sociedad Civil",,,,,981256677,,,,,,"Estoy de acuerdo en que sea publica la informacion proporcionada en el presente formulario",,,,,,,,,,,,,,,,,,,,,,,,,,,,,,,,,,,
2266,"Ofrecimientos de ayuda y otras iniciativas ciudadanas",published,"2020-07-28 00:06:14","2020-07-28 00:10:10","2020-07-28 00:06:14",,,,,,,,,,,,,,"RED - TECHO - OLLA POPULAR Bonanza","Puntos de higiene:1 - Alcance: 148 personas. La RED de Apoyo a Asentamientos es una propuesta de colaboración y articulación entre las organizaciones.",-25.40675,-57.494222,"Capiata Cñía 7 San Martín Bonanza","Somos una organizacion o colectivo",,,,,,,,,,,,,,,,,,,,,,,,,,,,,,,,,,,,,,,,,,,,,,,,,,,,,,,,,,,,,"Salud / Higiene","Sociedad Civil",,,,,981256677,,,,,,"Estoy de acuerdo en que sea publica la informacion proporcionada en el presente formulario",,,,,,,,,,,,,,,,,,,,,,,,,,,,,,,,,,,
2267,"Ofrecimientos de ayuda y otras iniciativas ciudadanas",published,"2020-07-28 00:06:14","2020-07-28 00:10:10","2020-07-28 00:06:14",,,,,,,,,,,,,,"RED - TECHO -  El Triunfal","Puntos de higiene:1 - Alcance: 156 personas. La RED de Apoyo a Asentamientos es una propuesta de colaboración y articulación entre las organizaciones.",-25.392526,-57.441087,"CAPIATA El Triunfal El Triunfal","Somos una organizacion o colectivo",,,,,,,,,,,,,,,,,,,,,,,,,,,,,,,,,,,,,,,,,,,,,,,,,,,,,,,,,,,,,"Salud / Higiene","Sociedad Civil",,,,,981256677,,,,,,"Estoy de acuerdo en que sea publica la informacion proporcionada en el presente formulario",,,,,,,,,,,,,,,,,,,,,,,,,,,,,,,,,,,
2246,"Ofrecimientos de ayuda y otras iniciativas ciudadanas",published,"2020-07-28 00:06:13","2020-07-28 00:10:11","2020-07-28 00:06:13",,,,,,,,,,,,,,"RED - TECHO - OLLA POPULAR San Valentin","Puntos de higiene: 1 - Alcance 160 personas. La RED de Apoyo a Asentamientos es una propuesta de colaboración y articulación entre las organizaciones.",-25.310306,-57.41,"AREGUA Caacupemi San Valentin","Somos una organizacion o colectivo",,,,,,,,,,,,,,,,,,,,,,,,,,,,,,,,,,,,,,,,,,,,,,,,,,,,,,,,,,,,,"Salud / Higiene","Sociedad Civil",,,,,981256677,,,,,,"Estoy de acuerdo en que sea publica la informacion proporcionada en el presente formulario",,,,,,,,,,,,,,,,,,,,,,,,,,,,,,,,,,,
2247,"Ofrecimientos de ayuda y otras iniciativas ciudadanas",published,"2020-07-28 00:06:13","2020-07-28 00:10:10","2020-07-28 00:06:13",,,,,,,,,,,,,,"RED - TECHO - OLLA POPULAR Santa Rita l","Puntos de higiene:1 - Alcance: 184 personas. La RED de Apoyo a Asentamientos es una propuesta de colaboración y articulación entre las organizaciones.",-25.312417,-57.411444,"AREGUA Caacupemi Santa Rita l","Somos una organizacion o colectivo",,,,,,,,,,,,,,,,,,,,,,,,,,,,,,,,,,,,,,,,,,,,,,,,,,,,,,,,,,,,,"Salud / Higiene","Sociedad Civil",,,,,981256677,,,,,,"Estoy de acuerdo en que sea publica la informacion proporcionada en el presente formulario",,,,,,,,,,,,,,,,,,,,,,,,,,,,,,,,,,,
2248,"Ofrecimientos de ayuda y otras iniciativas ciudadanas",published,"2020-07-28 00:06:13","2020-07-28 00:10:10","2020-07-28 00:06:13",,,,,,,,,,,,,,"RED - TECHO - OLLA POPULAR Israel","Puntos de higiene:1 - Alcance: 200 personas. La RED de Apoyo a Asentamientos es una propuesta de colaboración y articulación entre las organizaciones.",-25.312639,-57.413139,"AREGUA Caacupemi Israel","Somos una organizacion o colectivo",,,,,,,,,,,,,,,,,,,,,,,,,,,,,,,,,,,,,,,,,,,,,,,,,,,,,,,,,,,,,"Salud / Higiene","Sociedad Civil",,,,,981256677,,,,,,"Estoy de acuerdo en que sea publica la informacion proporcionada en el presente formulario",,,,,,,,,,,,,,,,,,,,,,,,,,,,,,,,,,,
2249,"Ofrecimientos de ayuda y otras iniciativas ciudadanas",published,"2020-07-28 00:06:13","2020-07-28 00:10:10","2020-07-28 00:06:13",,,,,,,,,,,,,,"RED - TECHO - OLLA POPULAR San Lorenzo","Puntos de higiene:1 - Alcance: 216 personas. La RED de Apoyo a Asentamientos es una propuesta de colaboración y articulación entre las organizaciones.",-25.309333,-57.40925,"AREGUA Caacupemi San Lorenzo","Somos una organizacion o colectivo",,,,,,,,,,,,,,,,,,,,,,,,,,,,,,,,,,,,,,,,,,,,,,,,,,,,,,,,,,,,,"Salud / Higiene","Sociedad Civil",,,,,981256677,,,,,,"Estoy de acuerdo en que sea publica la informacion proporcionada en el presente formulario",,,,,,,,,,,,,,,,,,,,,,,,,,,,,,,,,,,
2250,"Ofrecimientos de ayuda y otras iniciativas ciudadanas",published,"2020-07-28 00:06:13","2020-07-28 00:10:10","2020-07-28 00:06:13",,,,,,,,,,,,,,"RED - TECHO - OLLA POPULAR 8 de diciembre","Puntos de higiene:2 - Alcance: 1200 personas. La RED de Apoyo a Asentamientos es una propuesta de colaboración y articulación entre las organizaciones.",-25.291426,-57.414547,"AREGUA Caacupemi 8 de diciembre","Somos una organizacion o colectivo",,,,,,,,,,,,,,,,,,,,,,,,,,,,,,,,,,,,,,,,,,,,,,,,,,,,,,,,,,,,,"Salud / Higiene","Sociedad Civil",,,,,981256677,,,,,,"Estoy de acuerdo en que sea publica la informacion proporcionada en el presente formulario",,,,,,,,,,,,,,,,,,,,,,,,,,,,,,,,,,,
2251,"Ofrecimientos de ayuda y otras iniciativas ciudadanas",published,"2020-07-28 00:06:13","2020-07-28 00:10:10","2020-07-28 00:06:13",,,,,,,,,,,,,,"RED - TECHO - OLLA POPULAR Villa Serrana","Puntos de higiene:2 - Alcance: 252 personas. La RED de Apoyo a Asentamientos es una propuesta de colaboración y articulación entre las organizaciones.",-25.283722,-57.414528,"AREGUA Caacupemi Villa Serrana","Somos una organizacion o colectivo",,,,,,,,,,,,,,,,,,,,,,,,,,,,,,,,,,,,,,,,,,,,,,,,,,,,,,,,,,,,,"Salud / Higiene","Sociedad Civil",,,,,981256677,,,,,,"Estoy de acuerdo en que sea publica la informacion proporcionada en el presente formulario",,,,,,,,,,,,,,,,,,,,,,,,,,,,,,,,,,,
2252,"Ofrecimientos de ayuda y otras iniciativas ciudadanas",published,"2020-07-28 00:06:13","2020-07-28 00:10:10","2020-07-28 00:06:13",,,,,,,,,,,,,,"RED - TECHO - OLLA POPULAR Los Laureles 2","Puntos de higiene:1 - Alcance: 120 personas. La RED de Apoyo a Asentamientos es una propuesta de colaboración y articulación entre las organizaciones.",-25.31932,-57.41371,"AREGUA Costa Fleitas Los Laureles 2","Somos una organizacion o colectivo",,,,,,,,,,,,,,,,,,,,,,,,,,,,,,,,,,,,,,,,,,,,,,,,,,,,,,,,,,,,,"Salud / Higiene","Sociedad Civil",,,,,981256677,,,,,,"Estoy de acuerdo en que sea publica la informacion proporcionada en el presente formulario",,,,,,,,,,,,,,,,,,,,,,,,,,,,,,,,,,,
2253,"Ofrecimientos de ayuda y otras iniciativas ciudadanas",published,"2020-07-28 00:06:13","2020-07-28 00:10:10","2020-07-28 00:06:13",,,,,,,,,,,,,,"RED - TECHO -  Nueva Esperanza 2","Puntos de higiene:1 - Alcance: 120 personas. La RED de Apoyo a Asentamientos es una propuesta de colaboración y articulación entre las organizaciones.",-25.321049,-57.41691,"AREGUA Costa Fleitas Nueva Esperanza 2","Somos una organizacion o colectivo",,,,,,,,,,,,,,,,,,,,,,,,,,,,,,,,,,,,,,,,,,,,,,,,,,,,,,,,,,,,,"Salud / Higiene","Sociedad Civil",,,,,981256677,,,,,,"Estoy de acuerdo en que sea publica la informacion proporcionada en el presente formulario",,,,,,,,,,,,,,,,,,,,,,,,,,,,,,,,,,,
2254,"Ofrecimientos de ayuda y otras iniciativas ciudadanas",published,"2020-07-28 00:06:13","2020-07-28 00:10:10","2020-07-28 00:06:13",,,,,,,,,,,,,,"RED - TECHO - OLLA POPULAR Nueva Esperanza 1","Puntos de higiene:1 - Alcance: 168 personas. La RED de Apoyo a Asentamientos es una propuesta de colaboración y articulación entre las organizaciones.",-25.324058,-57.423995,"AREGUA Costa Fleitas Nueva Esperanza 1","Somos una organizacion o colectivo",,,,,,,,,,,,,,,,,,,,,,,,,,,,,,,,,,,,,,,,,,,,,,,,,,,,,,,,,,,,,"Salud / Higiene","Sociedad Civil",,,,,981256677,,,,,,"Estoy de acuerdo en que sea publica la informacion proporcionada en el presente formulario",,,,,,,,,,,,,,,,,,,,,,,,,,,,,,,,,,,
2255,"Ofrecimientos de ayuda y otras iniciativas ciudadanas",published,"2020-07-28 00:06:13","2020-07-28 00:10:10","2020-07-28 00:06:13",,,,,,,,,,,,,,"RED - TECHO - OLLA POPULAR Los Laureles 1","Puntos de higiene:1 - Alcance: 200 personas. La RED de Apoyo a Asentamientos es una propuesta de colaboración y articulación entre las organizaciones.",-25.31932,-57.41371,"AREGUA Costa Fleitas Los Laureles 1","Somos una organizacion o colectivo",,,,,,,,,,,,,,,,,,,,,,,,,,,,,,,,,,,,,,,,,,,,,,,,,,,,,,,,,,,,,"Salud / Higiene","Sociedad Civil",,,,,981256677,,,,,,"Estoy de acuerdo en que sea publica la informacion proporcionada en el presente formulario",,,,,,,,,,,,,,,,,,,,,,,,,,,,,,,,,,,
2256,"Ofrecimientos de ayuda y otras iniciativas ciudadanas",published,"2020-07-28 00:06:13","2020-07-28 00:10:11","2020-07-28 00:06:13",,,,,,,,,,,,,,"RED - TECHO - OLLA POPULAR Ara Poty","Puntos de higiene:2 - Alcance: 260 personas. La RED de Apoyo a Asentamientos es una propuesta de colaboración y articulación entre las organizaciones.",-25.315167,-57.415861,"AREGUA Costa Fleitas Ara Poty","Somos una organizacion o colectivo",,,,,,,,,,,,,,,,,,,,,,,,,,,,,,,,,,,,,,,,,,,,,,,,,,,,,,,,,,,,,"Salud / Higiene","Sociedad Civil",,,,,981256677,,,,,,"Estoy de acuerdo en que sea publica la informacion proporcionada en el presente formulario",,,,,,,,,,,,,,,,,,,,,,,,,,,,,,,,,,,
2257,"Ofrecimientos de ayuda y otras iniciativas ciudadanas",published,"2020-07-28 00:06:13","2020-07-28 00:10:11","2020-07-28 00:06:13",,,,,,,,,,,,,,"RED - TECHO - OLLA POPULAR Vida Nueva","Puntos de higiene:1 - Alcance: 280 personas. La RED de Apoyo a Asentamientos es una propuesta de colaboración y articulación entre las organizaciones.",-25.31775,-57.42,"AREGUA Costa Fleitas Vida Nueva","Somos una organizacion o colectivo",,,,,,,,,,,,,,,,,,,,,,,,,,,,,,,,,,,,,,,,,,,,,,,,,,,,,,,,,,,,,"Salud / Higiene","Sociedad Civil",,,,,981256677,,,,,,"Estoy de acuerdo en que sea publica la informacion proporcionada en el presente formulario",,,,,,,,,,,,,,,,,,,,,,,,,,,,,,,,,,,
2258,"Ofrecimientos de ayuda y otras iniciativas ciudadanas",published,"2020-07-28 00:06:13","2020-07-28 00:10:11","2020-07-28 00:06:13",,,,,,,,,,,,,,"RED - TECHO - OLLA POPULAR Niño Jesus","Puntos de higiene:1 - Alcance: 280 personas. La RED de Apoyo a Asentamientos es una propuesta de colaboración y articulación entre las organizaciones.",-25.315028,-57.415333,"AREGUA Costa Fleitas Niño Jesus","Somos una organizacion o colectivo",,,,,,,,,,,,,,,,,,,,,,,,,,,,,,,,,,,,,,,,,,,,,,,,,,,,,,,,,,,,,"Salud / Higiene","Sociedad Civil",,,,,981256677,,,,,,"Estoy de acuerdo en que sea publica la informacion proporcionada en el presente formulario",,,,,,,,,,,,,,,,,,,,,,,,,,,,,,,,,,,
2259,"Ofrecimientos de ayuda y otras iniciativas ciudadanas",published,"2020-07-28 00:06:13","2020-07-28 00:10:11","2020-07-28 00:06:13",,,,,,,,,,,,,,"RED - TECHO - OLLA POPULAR Villa El Maestro","Puntos de higiene:1 - Alcance: 280 personas. La RED de Apoyo a Asentamientos es una propuesta de colaboración y articulación entre las organizaciones.",-25.315389,-57.415,"AREGUA Costa Fleitas Villa El Maestro","Somos una organizacion o colectivo",,,,,,,,,,,,,,,,,,,,,,,,,,,,,,,,,,,,,,,,,,,,,,,,,,,,,,,,,,,,,"Salud / Higiene","Sociedad Civil",,,,,981256677,,,,,,"Estoy de acuerdo en que sea publica la informacion proporcionada en el presente formulario",,,,,,,,,,,,,,,,,,,,,,,,,,,,,,,,,,,
2260,"Ofrecimientos de ayuda y otras iniciativas ciudadanas",published,"2020-07-28 00:06:13","2020-07-28 00:10:11","2020-07-28 00:06:13",,,,,,,,,,,,,,"RED - TECHO - OLLA POPULAR Santa Rosa","Puntos de higiene:3 - Alcance: 416 personas. La RED de Apoyo a Asentamientos es una propuesta de colaboración y articulación entre las organizaciones.",-25.320638,-57.416799,"AREGUA Costa Fleitas Santa Rosa","Somos una organizacion o colectivo",,,,,,,,,,,,,,,,,,,,,,,,,,,,,,,,,,,,,,,,,,,,,,,,,,,,,,,,,,,,,"Salud / Higiene","Sociedad Civil",,,,,981256677,,,,,,"Estoy de acuerdo en que sea publica la informacion proporcionada en el presente formulario",,,,,,,,,,,,,,,,,,,,,,,,,,,,,,,,,,,
1046,"Ofrecimientos de ayuda y otras iniciativas ciudadanas",published,"2020-07-21 22:31:04","2020-07-21 22:34:12","2020-07-21 22:31:04",,,,,,,,,,,,,,"RED TECHO  OLLA POPULAR San Valentin","Puntos de higiene:1 - Alcance: 1208 personas. La RED de Apoyo a Asentamientos es una propuesta de colaboración y articulación entre las organizaciones.",-25.43375,-57.435086,"AREGUA - Caacupemi - San Valentin","Somos una organizacion o colectivo",,,,,,,,,,,,,,,,,,,,,,,,,,,,,,,,,,,,,,,,,,,,,,,,,,,,,,,,,,,,,"Higiene,Salud,Autogestión comunitaria,Grupo de apoyo / Voluntarios",,,,"Red de apoyo a asentamientos Olga Caballerro Melissa Cartasso",,981256677,,,"Reporte ciudadano",,,,2020-07-21,2020-07-21,,,,,,,,,,,,,,,,,,,,,,,,,,,,,,,,,
1043,"Ofrecimientos de ayuda y otras iniciativas ciudadanas",published,"2020-07-21 22:31:03","2020-07-22 23:21:20","2020-07-21 22:31:03",,,,,,,,,,,,,,"RED TECHO  OLLA POPULAR San Valentin","Puntos de higiene:1 - Alcance: 372 personas. La RED de Apoyo a Asentamientos es una propuesta de colaboración y articulación entre las organizaciones.",-25.184408,-57.541963,"AREGUA - Caacupemi - San Valentin","Somos una organizacion o colectivo",,,,,,,,,,,,,,,,,,,,,,,,,,,,,,,,,,,,,,,,,,,,,,,,,,,,,,,,,,,,,"Higiene,Salud,Autogestión comunitaria,Grupo de apoyo / Voluntarios",,,,"Red de apoyo a asentamientos Olga Caballerro Melissa Cartasso",,981256677,,,"Reporte ciudadano",,,,2020-07-22,2020-07-22,,,,,,,,,,,,,,,,,,,,,,,,,,,,,,,,,
1044,"Ofrecimientos de ayuda y otras iniciativas ciudadanas",published,"2020-07-21 22:31:03","2020-07-22 21:07:54","2020-07-21 22:31:03",,,,,,,,,,,,,,"RED TECHO  OLLA POPULAR San Valentin 2","Puntos de higiene:1 - Alcance: 544 personas. La RED de Apoyo a Asentamientos es una propuesta de colaboración y articulación entre las organizaciones.",-25.182102,-57.536799,"AREGUA - Caacupemi - San Valentin","Somos una organizacion o colectivo",,,,,,,,,,,,,,,,,,,,,,,,,,,,,,,,,,,,,,,,,,,,,,,,,,,,,,,,,,,,,"Higiene,Salud,Autogestión comunitaria,Grupo de apoyo / Voluntarios",,,,"Red de apoyo a asentamientos Olga Caballerro Melissa Cartasso",,981256677,,,"Reporte ciudadano",,,"Estoy de acuerdo en que sea pública la información proporcionada en el presente formulario",2020-07-22,2020-07-22,"ODS 3: Salud y bienestar,ODS 6: Agua limpia y saneamiento,ODS 11: Ciudades y comunidades sostenibles",,,,,,,,,,,,,,,,,,,,,,,,,,,,,,,,
940,"Ofrecimientos de ayuda y otras iniciativas ciudadanas",published,"2020-07-21 22:10:06","2020-07-21 22:11:31","2020-07-21 22:10:06",,,,,,,,,,,,,,"RED TECHO  OLLA POPULAR San Valentin","Puntos de higiene:2 - Alcance: 696 personas. La RED de Apoyo a Asentamientos es una propuesta de colaboración y articulación entre las organizaciones.",-25.187334,-57.441799,"AREGUA - Caacupemi - San Valentin","Somos una organizacion o colectivo",,,,,,,,,,,,,,,,,,,,,,,,,,,,,,,,,,,,,,,,,,,,,,,,,,,,,,,,,,,,,"Higiene,Salud,Autogestión comunitaria,Grupo de apoyo / Voluntarios",,,,,,981256677,,,"Reporte ciudadano",,,,2020-07-21,2020-07-21,,,,,,,,,,,,,,,,,,,,,,,,,,,,,,,,,
148,"Ofrecimientos de ayuda y otras iniciativas ciudadanas",published,"2020-06-17 21:23:08","2020-08-05 14:51:02","2020-06-17 21:23:08",,,,,,,,,,,,,,"Captación de voluntarios","Campaña de captación de voluntarios, que serán capacitados para apoyar las gestiones comunitarias a nivel organizacional y facilitar las medidas de aislamiento domiciliario y aislamiento en albergues temporales en las comunidades intervenidas. Como también las medidas de higiene comunitaria, plan familiar ante covid+, puntos de higiene, ollas populares, entre otras.

https://bit.ly/voluntariored",-25.296444,-57.580329,"Asentamientos precarios, Nacional, Asunción , Capital, Paraguay","Somos una organización o grupo",,,,,,,,,,,,,,,,,,,,,,,,,,,,,,,,,,,,,,,,,,,,,,,,,,,,,,,,,,,,,"Higiene,Grupo de apoyo / Voluntarios","Sociedad Civil",,,"Olga Caballero",,"(0981) 256677","Inscripción Voluntarios Mentores Comunitarios: https://bit.ly/voluntariored",,"Reporte ciudadano",,,,2020-07-20,2020-07-20,"ODS 3: Salud y bienestar,ODS 4: Educación de calidad",,,,,,,,,,,,,,,,,,,,,,,,,,,,,,,,
